fips,x,y
01001,-86.65126,32.50751
01003,-87.76263,30.73270
01005,-85.39294,31.88281
01007,-87.09665,33.03912
01009,-86.53357,34.01290
01011,-85.71317,32.09294
01013,-86.67594,31.74352
01015,-85.84203,33.76224
01017,-85.39388,32.91893
01019,-85.64765,34.23400
01021,-86.66484,32.86550
01023,-88.28592,32.00448
01025,-87.81361,31.58790
01027,-85.81546,33.29456
01029,-85.49455,33.71674
01031,-85.99294,31.39905
01033,-87.59561,34.73654
01035,-86.95147,31.46707
01037,-86.26186,32.92857
01039,-86.44724,31.25820
01041,-86.29663,31.74661
01043,-86.90442,34.08588
01045,-85.60382,31.40937
01047,-87.12772,32.38839
01049,-85.72319,34.52979
01051,-86.15190,32.58758
01053,-87.15806,31.12763
01055,-86.04330,34.02112
01057,-87.73851,33.72058
01059,-87.84456,34.44305
01061,-85.83901,31.09625
01063,-88.00016,32.83566
01065,-87.63819,32.74414
01067,-85.22845,31.54174
01069,-85.28093,31.15619
01071,-86.03201,34.72746
01073,-86.86054,33.54472
01075,-88.09665,33.79292
01077,-87.58445,34.87005
01079,-87.31820,34.55082
01081,-85.36126,32.57776
01083,-87.03223,34.77491
01085,-86.65809,32.18417
01087,-85.72758,32.41378
01089,-86.57222,34.73390
01091,-87.76120,32.26860
01093,-87.91824,34.11813
01095,-86.34538,34.34862
01097,-88.19926,30.65817
01099,-87.38233,31.52865
01101,-86.20386,32.23350
01103,-86.83417,34.49320
01105,-87.28869,32.59118
01107,-88.07266,33.26642
01109,-85.92795,31.83922
01111,-85.46022,33.30463
01113,-85.17884,32.28585
01115,-86.36469,33.69081
01117,-86.67993,33.28243
01119,-88.21733,32.65071
01121,-86.14672,33.40010
01123,-85.79777,32.80018
01125,-87.50007,33.30761
01127,-87.27660,33.75954
01129,-88.18791,31.40677
01131,-87.40051,32.04806
01133,-87.37366,34.14671
02013,-160.97978,55.64101
02016,-175.29879,52.00505
02020,-149.40420,61.12313
02050,-162.31192,60.39161
02060,-156.93713,58.75262
02068,-149.93668,63.53925
02070,-158.20679,59.66039
02090,-146.37023,64.85516
02100,-135.40507,58.92402
02105,-135.69996,58.06472
02110,-134.16110,58.37996
02122,-151.12170,60.04069
02130,-131.02575,55.43253
02150,-153.38406,57.55485
02158,-163.47466,62.11365
02164,-156.59895,58.26980
02170,-149.71191,62.28591
02180,-163.17941,64.81430
02185,-152.16640,69.72082
02188,-158.57904,66.85776
02195,-132.88648,57.09006
02198,-133.59030,55.90126
02220,-135.31141,57.08466
02230,-135.32787,59.58843
02240,-144.00064,63.86710
02261,-144.10431,61.46753
02275,-132.03109,56.26850
02282,-141.16865,59.67563
02290,-153.55243,65.22299
04001,-109.44490,35.23660
04003,-109.74986,31.88034
04005,-112.04241,35.63009
04007,-110.68134,33.74159
04009,-109.95901,33.03909
04011,-109.27167,33.10379
04012,-113.93290,33.67241
04013,-112.76812,33.27676
04015,-113.99416,35.60556
04017,-110.29724,35.28763
04019,-111.78450,31.97035
04021,-111.32620,32.97801
04023,-110.81209,31.52932
04025,-112.44289,34.70726
04027,-113.93637,32.75225
05001,-91.38796,34.25276
05003,-91.79584,33.20198
05005,-92.31723,36.23612
05007,-94.22754,36.29929
05009,-93.09345,36.30660
05011,-92.16675,33.43407
05013,-92.54776,33.53599
05015,-93.55641,36.31044
05017,-91.29476,33.28398
05019,-93.16144,34.05533
05021,-90.41384,36.34957
05023,-92.02123,35.53585
05025,-92.18386,33.88423
05027,-93.23284,33.23618
05029,-92.67641,35.26711
05031,-90.66015,35.84739
05033,-94.24147,35.55808
05035,-90.23327,35.13700
05037,-90.77217,35.29639
05039,-92.71767,33.97569
05041,-91.30305,33.81824
05043,-91.71457,33.59015
05045,-92.33319,35.10533
05047,-93.87459,35.48706
05049,-91.80361,36.37455
05051,-93.10609,34.58084
05053,-92.44206,34.27689
05055,-90.52715,36.11635
05057,-93.71467,33.74258
05059,-93.01339,34.32780
05061,-93.95419,34.05170
05063,-91.58219,35.73479
05065,-91.89707,36.06442
05067,-91.20377,35.62258
05069,-91.96120,34.27689
05071,-93.46283,35.54890
05073,-93.59218,33.25049
05075,-91.08693,36.06938
05077,-90.82305,34.76932
05079,-91.70938,33.97968
05081,-94.22636,33.73944
05083,-93.65406,35.22439
05085,-91.88750,34.77914
05087,-93.69716,36.03365
05089,-92.70993,36.28061
05091,-93.86918,33.31639
05093,-90.12160,35.69510
05095,-91.21285,34.67081
05097,-93.66863,34.54258
05099,-93.29135,33.70067
05101,-93.21484,35.92473
05103,-92.91070,33.58830
05105,-92.88095,34.94375
05107,-90.82395,34.38173
05109,-93.63520,34.14652
05111,-90.66284,35.57310
05113,-94.19848,34.45811
05115,-93.07426,35.42376
05117,-91.53474,34.78537
05119,-92.31393,34.75248
05121,-91.00499,36.30747
05123,-90.72383,35.00820
05125,-92.66022,34.63506
05127,-94.07851,34.88347
05129,-92.67955,35.91645
05131,-94.23415,35.19073
05133,-94.26970,33.97178
05135,-91.51273,36.19363
05137,-92.21938,35.91856
05139,-92.58127,33.19789
05141,-92.52848,35.57665
05143,-94.23998,35.99346
05145,-91.76264,35.27737
05147,-91.23185,35.17898
05149,-93.40520,35.03082
06001,-121.90870,37.68263
06003,-119.84446,38.62989
06005,-120.73337,38.46370
06007,-121.57938,39.72366
06009,-120.65719,38.17118
06011,-122.20670,39.16922
06013,-121.98553,37.90981
06015,-123.94979,41.69112
06017,-120.52561,38.78501
06019,-119.63632,36.74633
06021,-122.44065,39.59086
06023,-123.93341,40.73340
06025,-115.35714,33.02618
06027,-117.51280,36.62618
06029,-118.72038,35.29486
06031,-119.77184,36.13912
06033,-122.79373,39.12445
06035,-120.52852,40.44609
06037,-118.14547,34.24157
06039,-119.63565,37.27056
06041,-122.70461,38.06413
06043,-119.95821,37.54306
06045,-123.47613,39.38160
06047,-120.60932,37.18704
06049,-120.72373,41.59086
06051,-119.02760,38.08733
06053,-121.52487,36.35445
06055,-122.32600,38.50961
06057,-121.00987,39.26608
06059,-117.75213,33.64090
06061,-120.74334,39.01401
06063,-120.80545,40.02334
06065,-116.02030,33.75271
06067,-121.27569,38.37748
06069,-121.02959,36.59280
06071,-116.11141,34.83991
06073,-116.73048,33.01641
06075,-123.04664,37.72917
06077,-121.24793,37.89105
06079,-120.36650,35.34770
06081,-122.33903,37.38125
06083,-120.06290,34.72026
06085,-121.72088,37.18886
06087,-122.04286,37.05285
06089,-122.01786,40.73474
06091,-120.51065,39.58385
06093,-122.54437,41.50042
06095,-121.90185,38.28549
06097,-122.89434,38.46289
06099,-120.88706,37.60574
06101,-121.70788,39.01994
06103,-122.21232,40.12521
06105,-123.14364,40.67254
06107,-118.82321,36.26712
06109,-119.88301,38.03352
06111,-119.07725,34.44704
06113,-121.85512,38.61951
06115,-121.43817,39.27886
08001,-104.16306,39.86985
08003,-105.77352,37.55413
08005,-104.28306,39.65216
08007,-107.05484,37.20753
08009,-102.56268,37.31404
08011,-103.06962,37.95703
08013,-105.34483,40.08795
08014,-105.03545,39.96667
08015,-106.18275,38.74066
08017,-102.60461,38.82987
08019,-105.66000,39.70909
08021,-106.17114,37.19850
08023,-105.45594,37.32671
08025,-103.77847,38.31615
08027,-105.34431,38.07760
08029,-107.80381,38.94237
08031,-104.95491,39.76444
08033,-108.50623,37.69058
08035,-104.91996,39.34785
08037,-106.64613,39.63780
08039,-104.18905,39.21660
08041,-104.56306,38.82406
08043,-105.45655,38.47713
08045,-107.52605,39.72978
08047,-105.51525,39.84205
08049,-106.13603,40.08510
08051,-106.97587,38.70072
08053,-107.29910,37.78503
08055,-104.90620,37.65404
08057,-106.32235,40.66329
08059,-105.23912,39.52200
08061,-102.77543,38.44008
08063,-102.60183,39.30621
08065,-106.33565,39.21844
08067,-107.84680,37.32023
08069,-105.44660,40.62840
08071,-103.92165,37.40514
08073,-103.44197,39.04177
08075,-103.11257,40.71905
08077,-108.58469,38.93323
08079,-106.92021,37.68335
08081,-108.18100,40.61077
08083,-108.62869,37.31931
08085,-108.28024,38.41078
08087,-103.81084,40.26868
08089,-103.72887,37.95506
08091,-107.72645,38.11218
08093,-105.79001,39.13074
08095,-102.35851,40.59545
08097,-106.93039,39.17211
08099,-102.39258,37.96187
08101,-104.55333,38.12849
08103,-108.18473,39.93749
08105,-106.37526,37.61743
08107,-107.04338,40.46145
08109,-106.33158,38.10297
08111,-107.64621,37.80229
08113,-108.41228,37.96421
08115,-102.35174,40.87572
08117,-106.00291,39.64117
08119,-105.17862,38.88902
08121,-103.13788,40.00218
08123,-104.54585,40.50139
08125,-102.42255,40.00853
09001,-73.31374,41.30840
09003,-72.74404,41.79174
09005,-73.25982,41.76009
09007,-72.52916,41.41240
09009,-72.87758,41.36581
09011,-72.05281,41.46462
09013,-72.31902,41.81154
09015,-71.97896,41.83169
10001,-75.47972,39.10961
10003,-75.64754,39.56504
10005,-75.36294,38.72728
11001,-76.98786,38.89374
12001,-82.35522,29.68090
12003,-82.31488,30.36036
12005,-85.69411,30.23377
12007,-82.21452,29.93077
12009,-80.70051,28.30672
12011,-80.45498,26.15724
12013,-85.20863,30.40392
12015,-81.98813,26.90400
12017,-82.51544,28.85936
12019,-81.82468,29.95629
12021,-81.37001,26.14567
12023,-82.62636,30.21044
12027,-81.80977,27.18672
12029,-83.22105,29.53715
12031,-81.65218,30.34461
12033,-87.32606,30.61439
12035,-81.27792,29.46610
12037,-84.80310,29.77540
12039,-84.63553,30.54952
12041,-82.79789,29.74916
12043,-81.22320,26.98981
12045,-85.24811,29.90270
12047,-82.97156,30.47594
12049,-81.80939,27.49149
12051,-81.22532,26.60532
12053,-82.45471,28.56408
12055,-81.30486,27.33945
12057,-82.31134,27.87195
12059,-85.81653,30.85009
12061,-80.59412,27.70964
12063,-85.17697,30.78317
12065,-83.93627,30.34216
12067,-83.19684,30.04139
12069,-81.68635,28.81164
12071,-81.91367,26.55321
12073,-84.22189,30.47941
12075,-82.82060,29.25233
12077,-84.88986,30.28970
12079,-83.47285,30.45573
12081,-82.39781,27.42482
12083,-82.02272,29.24085
12085,-80.38152,27.11225
12086,-80.46421,25.55748
12087,-80.73723,25.10099
12089,-81.87328,30.55166
12091,-86.59221,30.66049
12093,-80.84103,27.30108
12095,-81.29503,28.56649
12097,-81.12570,27.99487
12099,-80.43361,26.64627
12101,-82.42543,28.32479
12103,-82.73863,27.89149
12105,-81.73819,28.00256
12107,-81.78912,29.58248
12109,-81.41611,29.93774
12111,-80.43532,27.38237
12113,-87.02958,30.65917
12115,-82.30483,27.17166
12117,-81.23941,28.74483
12119,-82.10551,28.63302
12121,-83.01322,30.16291
12123,-83.64920,29.96710
12125,-82.38593,30.03151
12127,-81.10708,29.02283
12129,-84.37228,30.13070
12131,-86.15149,30.60374
12133,-85.67224,30.61007
13001,-82.32718,31.71848
13003,-82.84131,31.30191
13005,-82.44601,31.56422
13007,-84.49769,31.26656
13009,-83.25204,33.05829
13011,-83.52137,34.34478
13013,-83.71011,34.01110
13015,-84.83880,34.24358
13017,-83.16090,31.75338
13019,-83.19301,31.25073
13021,-83.68566,32.80664
13023,-83.34494,32.42835
13025,-82.02666,31.19179
13027,-83.54552,30.85821
13029,-81.43981,31.97702
13031,-81.72836,32.40321
13033,-81.92482,33.05024
13035,-83.94797,33.31245
13037,-84.63233,31.53584
13039,-81.61507,30.93940
13043,-82.06093,32.41357
13045,-85.11787,33.61893
13047,-85.14378,34.87717
13049,-82.10457,30.71567
13051,-81.03803,31.97118
13053,-84.80015,32.37795
13055,-85.33696,34.43793
13057,-84.45605,34.24518
13059,-83.39797,33.94424
13061,-85.00969,31.63322
13063,-84.35204,33.50079
13065,-82.73127,30.88274
13067,-84.58491,33.91265
13069,-82.84366,31.58951
13071,-83.77013,31.18038
13073,-82.22143,33.52762
13075,-83.42939,31.18881
13077,-84.77979,33.35142
13079,-83.96087,32.69355
13081,-83.76636,31.91711
13083,-85.51136,34.80383
13085,-84.22007,34.47551
13087,-84.57222,30.88444
13089,-84.22004,33.79317
13091,-83.15026,32.17666
13093,-83.82027,32.16036
13095,-84.22194,31.54311
13097,-84.76736,33.68896
13099,-84.86558,31.29570
13101,-82.94585,30.73189
13103,-81.32270,32.34565
13105,-82.85926,34.12236
13107,-82.30793,32.56658
13109,-81.88903,32.16344
13111,-84.19983,34.79552
13113,-84.49993,33.40351
13115,-85.19449,34.33305
13117,-84.15102,34.19291
13119,-83.24369,34.38048
13121,-84.40371,33.84468
13123,-84.45410,34.70197
13125,-82.62366,33.22310
13127,-81.48458,31.22207
13129,-84.87215,34.50997
13131,-84.22888,30.87740
13133,-83.15390,33.55834
13135,-84.04518,33.96040
13137,-83.51566,34.62975
13139,-83.78505,34.30629
13141,-82.99881,33.25966
13143,-85.20624,33.77947
13145,-84.89934,32.72788
13147,-82.95936,34.35188
13149,-85.11242,33.27967
13151,-84.11952,33.47222
13153,-83.64493,32.48729
13155,-83.26807,31.62133
13157,-83.58543,34.13123
13159,-83.69022,33.32914
13161,-82.66605,31.82142
13163,-82.44509,33.03734
13165,-81.97797,32.78052
13167,-82.64220,32.66557
13169,-83.55739,33.01333
13171,-84.14531,33.06760
13173,-83.07520,31.01335
13175,-82.92288,32.43154
13177,-84.13665,31.76911
13179,-81.49916,31.80664
13181,-82.44973,33.81049
13183,-81.79691,31.77676
13185,-83.24597,30.82797
13187,-84.02685,34.57973
13189,-82.49575,33.48579
13191,-81.37779,31.49524
13193,-84.05105,32.34668
13195,-83.20627,34.13613
13197,-84.52421,32.34859
13199,-84.69995,33.03798
13201,-84.73013,31.16380
13205,-84.17984,31.26047
13207,-83.88261,33.02542
13209,-82.53338,32.15117
13211,-83.50873,33.62607
13213,-84.74334,34.78576
13215,-84.86385,32.49161
13217,-83.84126,33.55572
13219,-83.41610,33.83182
13221,-83.09031,33.86877
13223,-84.88688,33.92742
13225,-83.83251,32.56513
13227,-84.48669,34.46856
13229,-82.22129,31.36648
13231,-84.38286,33.08877
13233,-85.18235,33.99888
13235,-83.48758,32.25412
13237,-83.34384,33.32555
13239,-85.01867,31.88124
13241,-83.45304,34.85876
13243,-84.78082,31.77369
13245,-82.09112,33.38609
13247,-84.01196,33.65599
13249,-84.31625,32.29371
13251,-81.62451,32.76729
13253,-84.85097,30.89354
13255,-84.27005,33.26567
13257,-83.27937,34.57412
13259,-84.84923,32.07610
13261,-84.20606,32.05022
13263,-84.51903,32.70229
13265,-82.85700,33.58574
13267,-82.04905,32.05098
13269,-84.24477,32.56022
13271,-82.91384,31.96397
13273,-84.43159,31.79421
13275,-83.90724,30.86811
13277,-83.51788,31.46173
13279,-82.32577,32.13180
13281,-83.72491,34.89144
13283,-82.54726,32.40291
13285,-85.04171,33.04599
13287,-83.62522,31.71002
13289,-83.44283,32.67528
13291,-83.96052,34.81402
13293,-84.29236,32.84396
13295,-85.32613,34.78153
13297,-83.74727,33.76353
13299,-82.36553,31.01907
13301,-82.70180,33.43243
13303,-82.79883,32.99751
13305,-81.91509,31.57814
13307,-84.53803,32.07485
13309,-82.76470,32.11454
13311,-83.76680,34.65240
13313,-84.98862,34.80202
13315,-83.44997,31.98900
13317,-82.77816,33.79373
13319,-83.15371,32.79656
13321,-83.83319,31.58396
15001,-155.42837,19.59380
15003,-157.96945,21.48121
15005,-156.95198,21.20963
15007,-159.55628,22.05354
15009,-156.29137,20.77531
16001,-116.22437,43.45983
16003,-116.54167,44.85620
16005,-112.16305,42.63990
16007,-111.31616,42.30151
16009,-116.68456,47.21652
16011,-112.29777,43.24481
16013,-113.87840,43.30519
16015,-115.77170,43.96879
16017,-116.54212,48.36865
16019,-111.43373,43.32227
16021,-116.41719,48.75064
16023,-113.08145,43.75942
16025,-114.83587,43.52841
16027,-116.65269,43.58541
16029,-111.57884,42.71899
16031,-113.64410,42.33784
16033,-112.33302,44.27278
16035,-115.63271,46.60107
16037,-114.29311,44.22458
16039,-115.52912,43.43432
16041,-111.84632,42.21446
16043,-111.42059,44.31930
16045,-116.28623,44.15898
16047,-114.84061,42.92409
16049,-115.56061,45.88970
16051,-112.33622,43.84101
16053,-114.27434,42.67266
16055,-116.68553,47.67867
16057,-116.68458,46.83614
16059,-114.08915,44.96813
16061,-116.35987,46.23048
16063,-114.15433,42.98218
16065,-111.69166,43.77774
16067,-113.56362,42.85959
16069,-116.82128,46.24331
16071,-112.54303,42.25052
16073,-116.24019,42.83808
16075,-116.84352,43.97265
16077,-112.81825,42.71893
16079,-116.00997,47.50103
16081,-111.22317,43.74152
16083,-114.55360,42.45570
16085,-115.65748,44.68367
16087,-116.86326,44.49584
17001,-91.18661,39.97882
17003,-89.34766,37.15277
17005,-89.44667,38.88485
17007,-88.82294,42.32424
17009,-90.71255,39.97258
17011,-89.51084,41.36711
17013,-90.65545,39.13433
17015,-89.92574,42.06396
17017,-90.24662,39.99893
17019,-88.20181,40.14001
17021,-89.27957,39.58567
17023,-87.80354,39.32327
17025,-88.47729,38.75769
17027,-89.42368,38.57928
17029,-88.21677,39.53068
17031,-87.55654,41.81174
17033,-87.75867,39.01538
17035,-88.24055,39.27413
17037,-88.77139,41.88920
17039,-88.90779,40.16592
17041,-88.22050,39.76586
17043,-88.09102,41.83989
17045,-87.74957,39.68166
17047,-88.05639,38.41376
17049,-88.58343,39.06530
17051,-89.03176,38.98071
17053,-88.18048,40.69856
17055,-88.92420,37.99425
17057,-90.17684,40.44962
17059,-88.21625,37.74379
17061,-90.38065,39.31975
17063,-88.41807,41.28560
17065,-88.53916,38.08165
17067,-91.14065,40.41627
17069,-88.23782,37.50055
17071,-90.92070,40.85288
17073,-90.14531,41.36610
17075,-87.82548,40.74776
17077,-89.40985,37.75869
17079,-88.15447,39.01058
17081,-88.92359,38.30071
17083,-90.37042,39.09326
17085,-90.18215,42.35073
17087,-88.87731,37.44685
17089,-88.43209,41.93670
17091,-87.88441,41.14671
17093,-88.42890,41.59050
17095,-90.21331,40.93234
17097,-87.63237,42.32273
17099,-88.87598,41.27855
17101,-87.71434,38.71033
17103,-89.28660,41.74810
17105,-88.58697,40.86639
17107,-89.37363,40.12054
17109,-90.67755,40.45843
17111,-88.45227,42.32412
17113,-88.86330,40.52038
17115,-88.98172,39.85488
17117,-89.92512,39.26120
17119,-89.85542,38.82656
17121,-88.91880,38.65051
17123,-89.34291,41.03401
17125,-89.85854,40.24385
17127,-88.69511,37.20098
17129,-89.78707,40.03106
17131,-90.75094,41.19848
17133,-90.14137,38.30493
17135,-89.42090,39.26150
17137,-90.17585,39.70394
17139,-88.64083,39.62097
17141,-89.31361,42.04489
17143,-89.76938,40.74351
17145,-89.35687,38.08469
17147,-88.60405,40.03658
17149,-90.91679,39.62037
17151,-88.59891,37.33413
17153,-89.15131,37.20173
17155,-89.31462,41.21330
17157,-89.82521,38.01314
17159,-88.09653,38.70959
17161,-90.30368,41.55469
17163,-89.93331,38.44008
17165,-88.54055,37.75332
17167,-89.70523,39.74939
17169,-90.62752,40.13218
17171,-90.47824,39.65499
17173,-88.74772,39.43429
17175,-89.81162,41.10441
17177,-89.66063,42.34965
17179,-89.54591,40.53546
17181,-89.25679,37.46489
17183,-87.73619,40.17917
17185,-87.85993,38.40318
17187,-90.61519,40.84794
17189,-89.42477,38.36635
17191,-88.42375,38.43234
17193,-88.16902,38.07277
17195,-89.93823,41.75705
17197,-87.88899,41.46518
17199,-88.92968,37.72981
17201,-89.16901,42.32486
17203,-89.24272,40.76090
18001,-84.93662,40.74550
18003,-85.07023,41.09322
18005,-85.88420,39.19308
18007,-87.31121,40.60636
18009,-85.32610,40.47307
18011,-86.46862,40.05220
18013,-86.22635,39.19627
18015,-86.57284,40.58455
18017,-86.37370,40.73677
18019,-85.80096,38.43729
18021,-87.09097,39.38821
18023,-86.46896,40.30441
18025,-86.42292,38.26362
18027,-87.09747,38.69735
18029,-84.96026,39.12154
18031,-85.49127,39.29229
18033,-84.99852,41.39661
18035,-85.39651,40.22785
18037,-86.87691,38.36460
18039,-85.85850,41.59777
18041,-85.16775,39.65685
18043,-85.89331,38.29961
18045,-87.26437,40.16029
18047,-85.05714,39.39745
18049,-86.20663,41.04098
18051,-87.56779,38.34985
18053,-85.65499,40.51566
18055,-86.96147,39.03642
18057,-86.05227,40.07246
18059,-85.77499,39.82180
18061,-86.13402,38.19039
18063,-86.50681,39.76249
18065,-85.38839,39.93190
18067,-86.11922,40.47135
18069,-85.48846,40.82907
18071,-86.03712,38.89802
18073,-87.10345,41.01131
18075,-85.00526,40.43976
18077,-85.44314,38.74999
18079,-85.62082,39.00162
18081,-86.10116,39.49062
18083,-87.42986,38.66111
18085,-85.85340,41.23867
18087,-85.42607,41.64171
18089,-87.37272,41.46137
18091,-86.72734,41.49927
18093,-86.47994,38.83932
18095,-85.71932,40.16179
18097,-86.13938,39.77980
18099,-86.26210,41.32588
18101,-86.80338,38.70001
18103,-86.05483,40.78075
18105,-86.52675,39.17374
18107,-86.89398,40.03948
18109,-86.46938,39.48685
18111,-87.40122,40.97865
18113,-85.42326,41.39506
18115,-84.94120,38.96557
18117,-86.49518,38.54085
18119,-86.86978,39.31909
18121,-87.19248,39.77895
18123,-86.61088,38.05383
18125,-87.24033,38.39075
18127,-87.07476,41.49004
18129,-87.86107,38.00120
18131,-86.69921,41.04112
18133,-86.84976,39.66789
18135,-85.01158,40.15718
18137,-85.27181,39.11208
18139,-85.46638,39.62034
18141,-86.27355,41.59675
18143,-85.74827,38.69732
18145,-85.79118,39.52384
18147,-87.01162,37.99395
18149,-86.61667,41.30214
18151,-85.00033,41.64320
18153,-87.41947,39.08041
18155,-85.01128,38.80838
18157,-86.89379,40.38872
18159,-86.05201,40.31141
18161,-84.92494,39.62595
18163,-87.57409,37.99729
18165,-87.45608,39.87755
18167,-87.38546,39.43359
18169,-85.79186,40.84888
18171,-87.38869,40.30210
18173,-87.28477,38.06202
18175,-86.09696,38.59766
18177,-85.01707,39.86021
18179,-85.20266,40.74247
18181,-86.92354,40.73692
18183,-85.51210,41.14844
19001,-94.47074,41.33077
19003,-94.69952,41.02893
19005,-91.34471,43.29068
19007,-92.86804,40.74137
19009,-94.91863,41.68327
19011,-92.06697,42.08030
19013,-92.31790,42.46979
19015,-93.93165,42.03712
19017,-92.31807,42.77489
19019,-91.84499,42.47029
19021,-95.15071,42.73540
19023,-92.79023,42.73383
19025,-94.62715,42.38440
19027,-94.86053,42.03646
19029,-94.92769,41.33137
19031,-91.13218,41.77224
19033,-93.26076,43.08163
19035,-95.62396,42.73558
19037,-92.31766,43.05855
19039,-93.78570,41.02950
19041,-95.15085,43.08252
19043,-91.35259,42.86215
19045,-90.53281,41.88029
19047,-95.38183,42.03729
19049,-94.04740,41.68272
19051,-92.40858,40.74590
19053,-93.78596,40.73770
19055,-91.36970,42.47091
19057,-91.19611,40.88539
19059,-95.15086,43.37812
19061,-90.89527,42.48480
19063,-94.67836,43.37818
19065,-91.84424,42.86300
19067,-92.78875,43.06091
19069,-93.26241,42.73273
19071,-95.63617,40.74117
19073,-94.39684,42.03703
19075,-92.76810,42.38206
19077,-94.51227,41.68272
19079,-93.69740,42.38339
19081,-93.73410,43.08196
19083,-93.23263,42.38327
19085,-95.84005,41.68566
19087,-91.54471,40.98786
19089,-92.31723,43.35730
19091,-94.20729,42.77914
19093,-95.49636,42.38671
19095,-92.06709,41.68648
19097,-90.62891,42.20701
19099,-93.05744,41.68604
19101,-91.94866,41.03174
19103,-91.59978,41.64241
19105,-91.13145,42.12125
19107,-92.17904,41.33654
19109,-94.20645,43.20347
19111,-91.53838,40.59483
19113,-91.59984,42.07922
19115,-91.29978,41.24848
19117,-93.32767,41.02941
19119,-96.19232,43.37892
19121,-94.01575,41.33455
19123,-92.64089,41.33561
19125,-93.09950,41.33459
19127,-92.99900,42.03580
19129,-95.62183,41.03110
19131,-92.78916,43.35650
19133,-95.95073,42.03906
19135,-92.86908,41.02994
19137,-95.15620,41.03028
19139,-91.07701,41.46625
19141,-95.62419,43.08392
19143,-95.62403,43.37812
19145,-95.15680,40.73812
19147,-94.67810,43.08202
19149,-96.24546,42.73541
19151,-94.67854,42.73433
19153,-93.58145,41.67249
19155,-95.55082,41.33304
19157,-92.53323,41.68518
19159,-94.24343,40.73546
19161,-95.08992,42.38536
19163,-90.62029,41.61290
19165,-95.32546,41.68464
19167,-96.15724,43.08434
19169,-93.46521,42.03554
19171,-92.53285,42.07995
19173,-94.69993,40.73567
19175,-94.24289,41.02711
19177,-91.94850,40.74925
19179,-92.40957,41.03075
19181,-93.55924,41.33662
19183,-91.71580,41.33658
19185,-93.32700,40.73865
19187,-94.16464,42.42579
19189,-93.73417,43.37742
19191,-91.84256,43.29164
19193,-96.04077,42.38669
19195,-93.26076,43.37742
19197,-93.73511,42.73259
20001,-95.29961,37.88552
20003,-95.29682,38.21510
20005,-95.33758,39.53571
20007,-98.67539,37.23525
20009,-98.75671,38.47916
20011,-94.84814,37.85555
20013,-95.56427,39.82659
20015,-96.83946,37.78101
20017,-96.59650,38.30435
20019,-96.24491,37.15091
20021,-94.84617,37.16984
20023,-101.73063,39.78225
20025,-99.81788,37.23633
20027,-97.16516,39.34899
20029,-97.64885,39.47978
20031,-95.73789,38.23606
20033,-99.27275,37.19128
20035,-96.83750,37.23849
20037,-94.85256,37.50592
20039,-100.46030,39.78475
20041,-97.14939,38.87108
20043,-95.10801,39.80778
20045,-95.27826,38.90396
20047,-99.29611,37.90880
20049,-96.24407,37.45334
20051,-99.31724,38.91489
20053,-98.20255,38.69469
20055,-100.88358,38.00074
20057,-99.88693,37.69176
20059,-95.28689,38.56079
20061,-96.73210,39.04438
20063,-100.48319,38.91535
20065,-99.88297,39.34972
20067,-101.30826,37.56215
20069,-100.43353,37.73853
20071,-101.80605,38.48275
20073,-96.24188,37.88818
20075,-101.79288,37.99738
20077,-98.07542,37.19290
20079,-97.42734,38.04312
20081,-100.87130,37.56170
20083,-99.89752,38.08752
20085,-95.80279,39.43481
20087,-95.38489,39.22667
20089,-98.21861,39.78540
20091,-94.83196,38.89982
20093,-101.32210,38.00020
20095,-98.13625,37.55939
20097,-99.28558,37.55761
20099,-95.29779,37.19138
20101,-100.46673,38.48115
20103,-95.04048,39.18644
20105,-98.20690,39.04508
20107,-94.84436,38.21322
20109,-101.14819,38.91755
20111,-96.15223,38.45462
20113,-97.64828,38.39285
20115,-97.10466,38.34752
20117,-96.52309,39.78382
20119,-100.36322,37.23765
20121,-94.83862,38.56071
20123,-98.20961,39.39300
20125,-95.74276,37.19307
20127,-96.64173,38.69587
20129,-101.79888,37.19079
20131,-96.01425,39.78282
20133,-95.30680,37.55885
20135,-99.91655,38.47953
20137,-99.90376,39.78434
20139,-95.72925,38.65184
20141,-98.76825,39.35040
20143,-97.65061,39.13231
20145,-99.24116,38.17560
20147,-99.34696,39.78513
20149,-96.35391,39.34643
20151,-98.74008,37.64863
20153,-101.07538,39.78544
20155,-98.08709,37.95190
20157,-97.65105,39.82780
20159,-98.20226,38.33889
20161,-96.80106,39.30492
20163,-99.32505,39.34931
20165,-99.30959,38.52322
20167,-98.76226,38.91513
20169,-97.65015,38.78369
20171,-100.90711,38.48285
20173,-97.48023,37.69346
20175,-100.85150,37.19432
20177,-95.72409,39.04309
20179,-100.44174,39.35015
20181,-101.71982,39.35085
20183,-98.78532,39.78515
20185,-98.69277,38.04294
20187,-101.78406,37.56587
20189,-101.31172,37.19206
20191,-97.47614,37.23849
20193,-101.05589,39.35143
20195,-99.87298,38.91454
20197,-96.22420,38.97580
20199,-101.76338,38.91619
20201,-97.08762,39.78421
20203,-101.34745,38.48269
20205,-95.74331,37.55908
20207,-95.73890,37.88704
20209,-94.75790,39.09776
21001,-85.30076,37.11824
21003,-86.21586,36.78214
21005,-84.98022,38.00697
21007,-89.01833,37.07168
21009,-85.95417,36.94522
21011,-83.77535,38.14761
21013,-83.64407,36.76921
21015,-84.72097,38.96263
21017,-84.22393,38.21937
21019,-82.69931,38.37031
21021,-84.86081,37.62465
21023,-84.08161,38.68909
21025,-83.33534,37.51506
21027,-86.41573,37.80294
21029,-85.71558,37.96211
21031,-86.65784,37.19758
21033,-87.87059,37.16508
21035,-88.26991,36.62239
21037,-84.36649,38.96383
21039,-88.97196,36.86100
21041,-85.11203,38.67156
21043,-83.00883,38.33645
21045,-84.93358,37.32724
21047,-87.48012,36.89744
21049,-84.15573,37.96876
21051,-83.74817,37.14789
21053,-85.12498,36.75222
21055,-88.08550,37.33647
21057,-85.40832,36.77838
21059,-87.06911,37.74564
21061,-86.23231,37.19877
21063,-83.06265,38.13171
21065,-83.93093,37.69789
21067,-84.47161,38.02830
21069,-83.67838,38.34825
21071,-82.75884,37.52079
21073,-84.86658,38.23405
21075,-89.06052,36.57466
21077,-84.90183,38.76028
21079,-84.54968,37.65151
21081,-84.63805,38.63970
21083,-88.65217,36.72421
21085,-86.34958,37.47209
21087,-85.55386,37.29068
21089,-82.95142,38.56522
21091,-86.75750,37.82736
21093,-85.94209,37.72272
21095,-83.28029,36.84293
21097,-84.32832,38.43005
21099,-85.90880,37.29930
21101,-87.57774,37.80681
21103,-85.14619,38.46606
21105,-88.99288,36.65019
21107,-87.58502,37.33770
21109,-83.99607,37.41600
21111,-85.65568,38.18833
21113,-84.57199,37.86628
21115,-82.83353,37.85192
21117,-84.53507,38.94404
21119,-82.93803,37.34938
21121,-83.85506,36.87122
21123,-85.71199,37.57726
21125,-84.11510,37.13745
21127,-82.75130,38.07418
21129,-83.69943,37.60479
21131,-83.35184,37.10183
21133,-82.89307,37.11379
21135,-83.38831,38.52187
21137,-84.65883,37.43972
21139,-88.32650,37.20374
21141,-86.86454,36.85840
21143,-88.08035,37.02347
21145,-88.72383,37.08573
21147,-84.49018,36.77712
21149,-87.21156,37.53194
21151,-84.29051,37.71641
21153,-83.09701,37.69053
21155,-85.27423,37.57196
21157,-88.33299,36.90584
21159,-82.52609,37.81571
21161,-83.80429,38.61623
21163,-86.25234,37.99890
21165,-83.61121,37.93861
21167,-84.86784,37.82456
21169,-85.62369,37.00207
21171,-85.71867,36.72858
21173,-83.91990,38.04618
21175,-83.22285,37.91391
21177,-87.13725,37.22839
21179,-85.52985,37.75662
21181,-83.99720,38.32640
21183,-86.87445,37.47506
21185,-85.47686,38.40480
21187,-84.84627,38.53157
21189,-83.68489,37.39832
21191,-84.36657,38.70268
21193,-83.17200,37.21770
21195,-82.32520,37.47062
21197,-83.79687,37.82515
21199,-84.59659,37.11162
21201,-84.06634,38.51575
21203,-84.31518,37.34627
21205,-83.44256,38.20687
21207,-85.02770,37.00642
21209,-84.58617,38.30167
21211,-85.21025,38.19738
21213,-86.57336,36.75883
21215,-85.30685,38.04338
21217,-85.30284,37.33761
21219,-87.17742,36.85740
21221,-87.90405,36.81713
21223,-85.33297,38.61494
21225,-87.94685,37.68547
21227,-86.40590,36.98384
21229,-85.18229,37.77398
21231,-84.81559,36.80048
21233,-87.69624,37.49880
21235,-84.16359,36.78011
21237,-83.48896,37.74074
21239,-84.74351,38.02114
22001,-92.40183,30.26517
22003,-92.78834,30.66173
22005,-90.89200,30.20474
22007,-91.05447,29.85314
22009,-91.97035,31.09591
22011,-93.33016,30.64260
22013,-93.08778,32.36617
22015,-93.59864,32.62776
22017,-93.90109,32.60827
22019,-93.36864,30.26423
22021,-92.09203,32.10249
22023,-93.27029,29.79026
22025,-91.91680,31.59692
22027,-92.98164,32.80103
22029,-91.70371,31.36598
22031,-93.78588,32.09494
22033,-91.08939,30.51632
22035,-91.25150,32.77131
22037,-91.03866,30.82465
22039,-92.38525,30.74108
22041,-91.69978,32.13885
22043,-92.56194,31.59215
22045,-91.91237,29.74257
22047,-91.31592,30.26108
22049,-92.54378,32.32130
22051,-90.08319,29.64190
22053,-92.82748,30.26275
22055,-92.11332,30.20919
22057,-90.26295,29.45886
22059,-92.18020,31.62555
22061,-92.64152,32.60642
22063,-90.74086,30.41259
22065,-91.23353,32.37709
22067,-91.82940,32.75737
22069,-93.20494,31.74740
22071,-89.97467,30.03278
22073,-92.17431,32.49082
22075,-89.54155,29.37994
22077,-91.67536,30.75167
22079,-92.53121,31.20330
22081,-93.31978,32.06243
22083,-91.73388,32.40949
22085,-93.47792,31.50541
22087,-89.33954,29.91510
22089,-90.40272,29.93059
22091,-90.70448,30.82447
22093,-90.82139,30.02148
22095,-90.53278,30.09052
22097,-91.98284,30.57467
22099,-91.77974,30.26542
22101,-91.43520,29.59771
22103,-89.96205,30.42547
22105,-90.40814,30.61746
22107,-91.29953,31.99155
22109,-90.81578,29.38222
22111,-92.38959,32.79783
22113,-92.29200,29.81272
22115,-93.18676,31.11206
22117,-90.04313,30.83496
22119,-93.31579,32.71502
22121,-91.33780,30.49024
22123,-91.46707,32.79419
22125,-91.38036,30.82672
22127,-92.60040,31.92875
23001,-70.20311,44.19650
23003,-68.30374,46.51383
23005,-70.32679,43.81891
23007,-70.46552,45.06351
23009,-68.42096,44.64053
23011,-69.78969,44.41465
23013,-68.89504,44.04856
23015,-69.55543,44.02134
23017,-70.65527,44.56602
23019,-68.43248,45.51997
23021,-69.27226,45.79253
23023,-69.80483,43.90220
23025,-70.12594,45.57564
23027,-69.09255,44.47820
23029,-67.52243,45.00320
23031,-70.65705,43.36575
24001,-78.59528,39.58065
24003,-76.54393,38.97427
24005,-76.63641,39.43896
24009,-76.55366,38.53716
24011,-75.83581,38.88951
24013,-77.01314,39.53463
24015,-75.92731,39.54164
24017,-77.06927,38.43824
24019,-76.09860,38.38148
24021,-77.36792,39.47016
24023,-79.29473,39.46249
24025,-76.23419,39.48779
24027,-76.89345,39.23631
24029,-76.19934,39.19904
24031,-77.23880,39.14387
24033,-76.84244,38.83339
24035,-76.03921,39.03472
24037,-76.55895,38.19486
24039,-75.80361,38.09271
24041,-76.22368,38.75853
24043,-77.72028,39.52065
24045,-75.58151,38.38851
24047,-75.32928,38.22313
24510,-76.62041,39.28453
25001,-70.20802,41.79965
25003,-73.20214,42.39146
25005,-71.07784,41.75618
25007,-70.70637,41.37810
25009,-70.85645,42.63532
25011,-72.56361,42.52284
25013,-72.62675,42.17039
25015,-72.71400,42.36960
25017,-71.28804,42.44571
25019,-70.15501,41.31403
25021,-71.20274,42.15661
25023,-70.71738,41.96894
25025,-71.00602,42.33905
25027,-71.95769,42.36470
26001,-83.12899,44.68658
26003,-86.48663,46.93292
26005,-86.28877,42.59324
26007,-83.16519,45.03414
26009,-85.13983,45.00852
26011,-83.80536,44.00330
26013,-88.33389,46.73391
26015,-85.30928,42.59555
26017,-83.93611,43.73692
26019,-86.30459,44.64524
26021,-86.68622,42.00168
26023,-85.05885,41.91598
26025,-85.00696,42.24638
26027,-85.99181,41.91536
26029,-85.43240,45.49234
26031,-84.48993,45.50421
26033,-84.69084,46.39514
26035,-84.84703,43.98919
26037,-84.60167,42.94438
26039,-84.61068,44.68265
26041,-86.89255,45.74387
26043,-87.86723,45.98420
26045,-84.83873,42.59427
26047,-85.01275,45.56831
26049,-83.69322,43.00166
26051,-84.38620,43.98781
26053,-90.07820,46.56950
26055,-85.47514,44.81605
26057,-84.60235,43.29072
26059,-84.59353,41.89113
26061,-88.67159,46.94979
26063,-82.87589,43.93146
26065,-84.37364,42.59899
26067,-85.07476,42.94577
26069,-83.08642,44.33669
26071,-88.55417,46.17142
26073,-84.84720,43.64034
26075,-84.42392,42.24740
26077,-85.53152,42.24538
26079,-85.09157,44.68493
26081,-85.55043,43.03182
26083,-88.38202,47.75965
26085,-85.80145,43.99081
26087,-83.22616,43.10487
26089,-85.90452,45.17668
26091,-84.06577,41.89604
26093,-83.91107,42.60362
26095,-85.54974,46.79692
26097,-84.98998,45.96911
26099,-82.90140,42.67230
26101,-86.36928,44.34160
26103,-87.61516,46.60402
26105,-86.54507,43.99525
26107,-85.32435,43.64074
26109,-87.46661,45.52796
26111,-84.38753,43.64468
26113,-85.09572,44.33759
26115,-83.47576,41.90889
26117,-85.07896,43.29319
26119,-84.12984,45.02875
26121,-86.58697,43.29582
26123,-85.80114,43.55461
26125,-83.38691,42.65993
26127,-86.58298,43.64431
26129,-84.12648,44.33541
26131,-89.49806,47.02359
26133,-85.32530,43.98924
26135,-84.12993,44.68192
26137,-84.60942,45.02817
26139,-86.43749,42.98529
26141,-83.54857,45.48511
26143,-84.61195,44.33600
26145,-84.03394,43.34868
26147,-82.60663,42.82422
26149,-85.52639,41.91498
26151,-82.65685,43.42430
26153,-86.17705,46.04215
26155,-84.14777,42.95436
26157,-83.40494,43.52467
26159,-86.42568,42.24736
26161,-83.83750,42.25288
26163,-83.33415,42.24234
26165,-85.57893,44.33861
27001,-93.41638,46.59216
27003,-93.24249,45.22509
27005,-95.66829,46.93318
27007,-94.84091,47.97483
27009,-93.98404,45.69158
27011,-96.33258,45.38135
27013,-94.06869,44.05602
27015,-94.65207,44.30299
27017,-92.67323,46.59318
27019,-93.76525,44.80624
27021,-94.21737,46.87872
27023,-95.52660,44.95170
27025,-92.87419,45.51391
27027,-96.47402,46.89006
27029,-95.36909,47.58587
27031,-90.34082,47.74607
27033,-95.16080,44.02161
27035,-94.07038,46.48132
27037,-93.02514,44.69714
27039,-92.86188,44.02256
27041,-95.45248,45.93322
27043,-93.94819,43.67474
27045,-92.09015,43.67409
27047,-93.34891,43.67474
27049,-92.73488,44.45464
27051,-96.01162,45.93391
27053,-93.48729,45.01492
27055,-91.50121,43.67392
27057,-94.91668,47.10808
27059,-93.32655,45.57272
27061,-93.57188,47.46280
27063,-95.15387,43.67422
27065,-93.33068,45.94486
27067,-95.00170,45.15198
27069,-96.77823,48.77197
27071,-93.75971,48.27195
27073,-96.17379,45.03691
27075,-91.40609,47.50141
27077,-94.88766,48.87653
27079,-93.74354,44.36994
27081,-96.26568,44.41346
27083,-95.83665,44.41340
27085,-94.25389,44.80447
27087,-95.80907,47.32522
27089,-96.36954,48.35837
27091,-94.55128,43.67423
27093,-94.50645,45.10934
27095,-93.64307,45.90306
27097,-94.22921,46.05962
27099,-92.74947,43.67411
27101,-95.76344,44.02230
27103,-94.20496,44.30533
27105,-95.75316,43.67462
27107,-96.45168,47.32513
27109,-92.37838,44.01484
27111,-95.71798,46.41066
27113,-96.04663,48.05637
27115,-92.67459,46.07461
27117,-96.25892,44.02324
27119,-96.66923,47.83627
27121,-95.44907,45.58605
27123,-93.09613,45.00543
27125,-96.09575,47.86247
27127,-95.22981,44.44854
27129,-94.96989,44.67421
27131,-93.28246,44.36787
27133,-96.25333,43.67453
27135,-95.74763,48.76818
27137,-92.42849,47.64046
27139,-93.50326,44.67836
27141,-93.75788,45.40296
27143,-94.26609,44.58687
27145,-94.64085,45.52844
27147,-93.22598,44.02237
27149,-96.00567,45.58587
27151,-95.68625,45.28198
27153,-94.89702,46.07098
27155,-96.42898,45.80374
27157,-92.22796,44.28115
27159,-94.96776,46.58738
27161,-93.58726,44.02239
27163,-92.87345,45.02164
27165,-94.61410,43.97871
27167,-96.44003,46.32622
27169,-91.79497,44.01966
27171,-93.95086,45.20077
27173,-95.93932,44.73894
28001,-91.33655,31.47091
28003,-88.59434,34.87567
28005,-90.80389,31.17429
28007,-89.57220,33.08278
28009,-89.19371,34.78933
28011,-90.85625,33.82575
28013,-89.32268,33.94175
28015,-89.96154,33.44562
28017,-88.92892,33.90699
28019,-89.27111,33.32123
28021,-90.90053,32.00604
28023,-88.68474,32.02704
28025,-88.77409,33.65906
28027,-90.64296,34.25573
28029,-90.42683,31.86785
28031,-89.57800,31.61660
28033,-89.96297,34.85151
28035,-89.24713,31.17212
28037,-90.89434,31.46555
28039,-88.65168,30.86491
28041,-88.63928,31.21696
28043,-89.82186,33.78726
28045,-89.51178,30.40442
28047,-89.09579,30.40837
28049,-90.42533,32.31099
28051,-90.07327,33.12732
28053,-90.53708,33.12596
28055,-91.01132,32.71128
28057,-88.36201,34.27618
28059,-88.64102,30.44148
28061,-89.11732,32.01362
28063,-91.02573,31.73900
28065,-89.83938,31.58247
28067,-89.17161,31.62909
28069,-88.64155,32.75306
28071,-89.48378,34.35824
28073,-89.50115,31.20708
28075,-88.66239,32.40125
28077,-90.11037,31.54371
28079,-89.52415,32.75368
28081,-88.68497,34.29175
28083,-90.27718,33.52350
28085,-90.43894,31.53345
28087,-88.43052,33.51633
28089,-90.00863,32.64247
28091,-89.84281,31.21727
28093,-89.51116,34.74508
28095,-88.47614,33.86959
28097,-89.64586,33.48183
28099,-89.11671,32.75493
28101,-89.11885,32.40067
28103,-88.57017,33.10727
28105,-88.87947,33.42552
28107,-89.95929,34.35660
28109,-89.58393,30.73648
28111,-88.99322,31.17152
28113,-90.40432,31.17473
28115,-89.03549,34.22698
28117,-88.52429,34.61019
28119,-90.28818,34.29145
28121,-89.94148,32.32035
28123,-89.53480,32.42776
28125,-90.82128,32.87975
28127,-89.90780,31.90146
28129,-89.48829,32.00168
28131,-89.11297,30.77902
28133,-90.55541,33.62840
28135,-90.18813,33.92977
28137,-89.94408,34.66338
28139,-88.92068,34.79558
28141,-88.22426,34.72983
28143,-90.34860,34.65786
28145,-89.01785,34.48201
28147,-90.14550,31.17571
28149,-90.79163,32.34861
28151,-90.88081,33.26906
28153,-88.70265,31.66353
28155,-89.26255,33.59973
28157,-91.32420,31.18726
28159,-89.06580,33.10427
28161,-89.71691,34.02950
28163,-90.36068,32.76270
29001,-92.60093,40.19125
29003,-94.80215,39.97533
29005,-95.41822,40.42320
29007,-91.76238,39.20232
29009,-93.82301,36.71551
29011,-94.34709,37.50125
29013,-94.34323,38.25217
29015,-93.29767,38.29890
29017,-90.00456,37.31948
29019,-92.34041,38.94589
29021,-94.80496,39.67595
29023,-90.39058,36.71222
29025,-93.98223,39.65695
29027,-91.89331,38.81072
29029,-92.79112,38.03539
29031,-89.64414,37.36638
29033,-93.47284,39.41099
29035,-90.95826,36.95721
29037,-94.36387,38.64667
29039,-93.83962,37.73673
29041,-92.96221,39.46431
29043,-93.12197,36.95629
29045,-91.73237,40.43108
29047,-94.40633,39.28292
29049,-94.40416,39.60134
29051,-92.24471,38.53067
29053,-92.78896,38.87255
29055,-91.31058,37.95446
29057,-93.85012,37.43229
29059,-93.01201,37.66073
29061,-93.98325,39.96077
29063,-94.40472,39.89263
29065,-91.48194,37.60212
29067,-92.49893,36.93256
29069,-90.01534,36.31349
29071,-91.05211,38.45593
29073,-91.50570,38.43297
29075,-94.41040,40.21021
29077,-93.33362,37.25857
29079,-93.56552,40.11234
29081,-93.98911,40.35537
29083,-93.79162,38.38365
29085,-93.29094,37.93931
29087,-95.23213,40.06290
29089,-92.69240,39.15575
29091,-91.89376,36.77727
29093,-90.65874,37.50720
29095,-94.35836,39.03519
29097,-94.33644,37.20651
29099,-90.56930,38.25297
29101,-93.81318,38.74726
29103,-92.14783,40.12699
29105,-92.59246,37.68404
29107,-93.79711,39.10065
29109,-93.83312,37.10645
29111,-91.72700,40.10128
29113,-90.98740,39.04827
29115,-93.10845,39.86973
29117,-93.56149,39.78957
29119,-94.34488,36.63230
29121,-92.57325,39.82162
29123,-90.34562,37.47393
29125,-91.90607,38.15172
29127,-91.60690,39.80249
29129,-93.56574,40.42245
29131,-92.44628,38.22374
29133,-89.33111,36.81858
29135,-92.62759,38.67500
29137,-92.00915,39.50031
29139,-91.45229,38.91199
29141,-92.85300,38.44006
29143,-89.67060,36.60436
29145,-94.34101,36.90217
29147,-94.88900,40.35228
29149,-91.39926,36.69290
29151,-91.82557,38.49802
29153,-92.44244,36.65168
29155,-89.81819,36.21349
29157,-89.83101,37.73483
29159,-93.28108,38.72453
29161,-91.77508,37.87795
29163,-91.17061,39.36805
29165,-94.75547,39.34410
29167,-93.39538,37.62250
29169,-92.21749,37.81190
29171,-93.03454,40.46575
29173,-91.54048,39.50264
29175,-92.50506,39.42837
29177,-93.98550,39.33063
29179,-90.96346,37.32710
29181,-90.85746,36.66102
29183,-90.72759,38.75124
29185,-93.78271,38.02426
29186,-90.19738,37.89904
29187,-90.53787,37.85870
29189,-90.51801,38.63980
29195,-93.19292,39.17062
29197,-92.52719,40.47010
29199,-92.14812,40.45304
29201,-89.57782,37.05642
29203,-91.34434,37.15200
29205,-92.06891,39.77909
29207,-89.97327,36.87735
29209,-93.44158,36.74624
29211,-93.11108,40.21008
29213,-93.03987,36.65554
29215,-91.94960,37.32685
29217,-94.34256,37.84989
29219,-91.18975,38.76985
29221,-90.86800,37.97063
29223,-90.50059,37.11935
29225,-92.88434,37.27704
29227,-94.43177,40.47860
29229,-92.47252,37.27004
29510,-90.24085,38.65299
30001,-113.01166,45.14972
30003,-107.39966,45.51892
30005,-108.96506,48.36077
30007,-111.45275,46.30752
30009,-109.14248,45.31957
30011,-104.51165,45.56357
30013,-111.41653,47.25840
30015,-110.47376,47.86042
30017,-105.53005,46.32304
30019,-105.52976,48.78790
30021,-104.92606,47.32588
30023,-113.09979,46.01232
30025,-104.46556,46.28373
30027,-109.35968,47.24585
30029,-114.09146,48.29836
30031,-111.20564,45.33749
30033,-107.10361,47.41396
30035,-112.96609,48.65421
30037,-109.13242,46.40000
30039,-113.41903,46.38536
30041,-110.12653,48.56618
30043,-112.14959,46.15870
30045,-110.20054,47.04402
30047,-114.12482,47.59499
30049,-112.53459,47.18442
30051,-111.01585,48.56576
30053,-115.44932,48.44602
30055,-105.81231,47.59535
30057,-111.91520,45.28408
30059,-110.82066,46.63715
30061,-114.86344,47.09669
30063,-113.94482,47.11616
30065,-108.32119,46.44264
30067,-110.50627,45.59310
30069,-108.33483,47.17374
30071,-107.89045,48.22561
30073,-112.44598,48.23368
30075,-105.61078,45.39091
30077,-113.04935,46.93290
30079,-105.47639,46.86102
30081,-114.13321,46.06004
30083,-104.63910,47.75212
30085,-104.92546,48.27900
30087,-106.56539,46.01994
30089,-115.15427,47.69240
30091,-104.54315,48.69479
30093,-112.69053,45.90510
30095,-109.21295,45.64968
30097,-109.89125,45.69613
30099,-112.16172,47.81670
30101,-111.73127,48.60840
30103,-107.23676,46.17646
30105,-106.53254,48.33047
30107,-109.84249,46.48594
30109,-104.18668,47.01826
30111,-108.36067,45.97897
31001,-98.50113,40.52488
31003,-98.06767,42.17634
31005,-101.69611,41.57121
31007,-103.71001,41.54666
31009,-99.97643,41.91189
31011,-98.06091,41.69851
31013,-103.09396,42.21615
31015,-98.62474,42.87987
31017,-99.92961,42.46625
31019,-99.07397,40.85013
31021,-96.34636,41.86492
31023,-97.13842,41.25123
31025,-96.15092,40.92606
31027,-97.25055,42.60808
31029,-101.69794,40.52456
31031,-101.12498,42.54097
31033,-102.99327,41.22056
31035,-98.05133,40.52443
31037,-97.07926,41.55994
31039,-96.78746,41.91644
31041,-99.72720,41.39371
31043,-96.57086,42.40092
31045,-103.12697,42.71848
31047,-99.82510,40.85961
31049,-102.33319,41.11226
31051,-96.86887,42.51332
31053,-96.67514,41.56792
31055,-96.15021,41.29194
31057,-101.68844,40.17761
31059,-97.59652,40.52455
31061,-98.95265,40.17574
31063,-100.38223,40.52496
31065,-99.91225,40.17715
31067,-96.68998,40.26233
31069,-102.31102,41.61556
31071,-98.99153,41.91436
31073,-99.81271,40.52566
31075,-101.74663,41.92032
31077,-98.52125,41.56747
31079,-98.50224,40.87281
31081,-98.01820,40.93422
31083,-99.40452,40.17654
31085,-101.06362,40.52475
31087,-101.04306,40.17898
31089,-98.77524,42.49236
31091,-101.13486,41.91779
31093,-98.51723,41.22001
31095,-97.14276,40.17582
31097,-96.26495,40.39257
31099,-98.95176,40.51953
31101,-101.66286,41.19786
31103,-99.72771,42.85805
31105,-103.71476,41.19855
31107,-97.89537,42.65974
31109,-96.68726,40.78445
31111,-100.73719,41.04632
31113,-100.48353,41.56668
31115,-99.45444,41.91412
31117,-101.06047,41.56774
31119,-97.60073,41.91655
31121,-98.07652,41.13234
31123,-103.00447,41.71945
31125,-97.99759,41.39523
31127,-95.86320,40.41130
31129,-98.04720,40.17636
31131,-96.12342,40.65423
31133,-96.23704,40.13141
31135,-101.64969,40.85139
31137,-99.41192,40.51841
31139,-97.60142,42.26429
31141,-97.54137,41.53854
31143,-97.57242,41.22201
31145,-100.47783,40.17702
31147,-95.71464,40.13095
31149,-99.46035,42.44771
31151,-97.14063,40.52406
31153,-96.10053,41.09274
31155,-96.63709,41.23417
31157,-103.70733,41.85105
31159,-97.13941,40.87246
31161,-102.41984,42.50195
31163,-98.97628,41.22073
31165,-103.76674,42.50482
31167,-97.19396,41.91691
31169,-97.59496,40.17612
31171,-100.55504,41.91587
31173,-96.57129,42.14665
31175,-98.98169,41.56723
31177,-96.26865,41.53691
31179,-97.09553,42.22118
31181,-98.49987,40.17591
31183,-98.52811,41.91438
31185,-97.59720,40.87259
32001,-118.30452,39.53806
32003,-115.25321,35.92706
32005,-119.58467,38.82537
32007,-115.53000,41.06022
32009,-117.67657,37.72245
32011,-116.21955,40.08068
32013,-118.16182,41.26461
32015,-117.05515,40.04803
32017,-114.97280,37.75949
32019,-119.03273,39.07783
32021,-118.30360,38.48238
32023,-116.53043,37.56364
32027,-118.33023,40.48082
32029,-119.53277,39.43863
32031,-119.65456,40.58199
32033,-114.97768,39.40231
32510,-119.72314,39.16772
33001,-71.43488,43.52314
33003,-71.27740,43.88429
33005,-72.29715,42.94700
33007,-71.31360,44.69578
33009,-71.73364,43.96759
33011,-71.72006,42.95202
33013,-71.68374,43.31001
33015,-71.02341,43.00607
33017,-71.05823,43.32653
33019,-72.23740,43.36457
34001,-74.68122,39.50864
34003,-74.02784,40.94695
34005,-74.68122,39.86316
34007,-74.98987,39.80224
34009,-74.91396,39.05886
34011,-75.13443,39.31249
34013,-74.25496,40.79176
34015,-75.14638,39.70164
34017,-74.06883,40.73313
34019,-74.91293,40.56342
34021,-74.68257,40.28046
34023,-74.40154,40.42990
34025,-74.13612,40.30305
34027,-74.57197,40.86726
34029,-74.22164,39.82442
34031,-74.30820,41.01159
34033,-75.29276,39.57648
34035,-74.62522,40.56590
34037,-74.70105,41.12825
34039,-74.27351,40.66579
34041,-74.96036,40.84312
35001,-106.67696,35.04441
35003,-108.38175,33.88850
35005,-104.33507,33.30317
35006,-107.76923,34.96200
35007,-104.69081,36.60693
35009,-103.37467,34.62830
35011,-104.42038,34.38394
35013,-106.83766,32.41794
35015,-104.28719,32.48008
35017,-108.28521,32.53603
35019,-104.70981,34.78074
35021,-103.87286,35.80408
35023,-108.78666,32.06279
35025,-103.43959,32.78511
35027,-105.47189,33.74067
35028,-106.32405,35.86702
35029,-107.76408,32.19740
35031,-108.17684,35.48134
35033,-104.94151,36.00810
35035,-105.86444,32.69751
35037,-103.55043,35.17234
35039,-106.78240,36.46531
35041,-103.49491,34.08703
35043,-106.77933,35.70945
35045,-108.33569,36.50070
35047,-104.73218,35.45601
35049,-105.98335,35.52579
35051,-107.10912,33.04268
35053,-106.82110,34.02656
35055,-105.64001,36.50435
35057,-105.87798,34.65085
35059,-103.52476,36.36914
35061,-106.83532,34.69769
36001,-73.97846,42.61483
36003,-78.02357,42.25905
36005,-73.83948,40.85146
36007,-75.86193,42.20656
36009,-78.68484,42.27054
36011,-76.59104,43.16324
36013,-79.41151,42.34037
36015,-76.76245,42.14747
36017,-75.63478,42.47057
36019,-73.67673,44.71987
36021,-73.64209,42.24342
36023,-76.07172,42.60023
36025,-74.95307,42.18265
36027,-73.72698,41.75936
36029,-78.78166,42.76677
36031,-73.74878,44.14596
36033,-74.25644,44.55680
36035,-74.42686,43.13570
36037,-78.18647,43.00006
36039,-74.13182,42.27998
36041,-74.50252,43.66821
36043,-74.94224,43.46075
36045,-75.98909,44.03535
36047,-73.95578,40.64636
36049,-75.49141,43.82045
36051,-77.78134,42.72983
36053,-75.72647,42.95439
36055,-77.68582,43.28596
36057,-74.42011,42.90987
36059,-73.57173,40.75423
36061,-73.95909,40.78130
36063,-78.79067,43.32676
36065,-75.49615,43.23950
36067,-76.20283,43.02168
36069,-77.28212,42.80791
36071,-74.33153,41.38806
36073,-78.23009,43.38301
36075,-76.22795,43.43294
36077,-74.98993,42.61096
36079,-73.75570,41.42431
36081,-73.79318,40.65074
36083,-73.49032,42.71129
36085,-74.12464,40.56421
36087,-74.05738,41.16129
36089,-75.16170,44.53115
36091,-73.84566,43.08667
36093,-74.04446,42.83277
36095,-74.43623,42.59244
36097,-76.89574,42.38998
36099,-76.85748,42.78280
36101,-77.41840,42.29088
36103,-72.79499,40.92243
36105,-74.79039,41.71895
36107,-76.31068,42.20428
36109,-76.47260,42.44311
36111,-74.20277,41.87913
36113,-73.90665,43.51265
36115,-73.43013,43.37403
36117,-77.04969,43.34850
36119,-73.78848,41.11935
36121,-78.20988,42.69528
36123,-77.13060,42.61277
37001,-79.40051,36.04650
37003,-81.18138,35.91063
37005,-81.12628,36.47026
37007,-80.09925,35.00891
37009,-81.49988,36.41419
37011,-81.92768,36.09926
37013,-76.87740,35.47767
37015,-76.97108,36.02919
37017,-78.56902,34.61179
37019,-78.24417,34.06233
37021,-82.53914,35.62028
37023,-81.75286,35.77902
37025,-80.54618,35.34574
37027,-81.55959,35.93983
37029,-76.09193,36.31830
37031,-76.45363,34.86655
37033,-79.33459,36.39163
37035,-81.20452,35.68808
37037,-79.25552,35.69566
37039,-84.07735,35.13962
37041,-76.65843,36.16299
37043,-83.74985,35.07392
37045,-81.55942,35.37395
37047,-78.62144,34.21460
37049,-77.09606,35.11369
37051,-78.87162,35.05087
37053,-75.84642,36.28998
37055,-75.72067,35.69280
37057,-80.25310,35.76562
37059,-80.53752,35.90300
37061,-77.90706,34.95203
37063,-78.86887,36.05109
37065,-77.57811,35.91550
37067,-80.25952,36.11714
37069,-78.33036,36.04091
37071,-81.18203,35.28413
37073,-76.70959,36.42423
37075,-83.83413,35.34170
37077,-78.65527,36.28229
37079,-77.66776,35.49972
37081,-79.79010,36.07898
37083,-77.68383,36.25782
37085,-78.83855,35.38793
37087,-82.96507,35.54141
37089,-82.47391,35.32234
37091,-77.03014,36.39220
37093,-79.25988,35.02381
37095,-76.15539,35.35525
37097,-80.92130,35.77403
37099,-83.11607,35.26340
37101,-78.38913,35.53590
37103,-77.41470,35.01053
37105,-79.18948,35.46771
37107,-77.67601,35.21814
37109,-81.21759,35.48411
37111,-82.04356,35.73907
37113,-83.47955,35.16215
37115,-82.66542,35.87204
37117,-77.19553,35.86511
37119,-80.83060,35.25829
37121,-82.12545,35.99088
37123,-79.89851,35.32365
37125,-79.46146,35.28057
37127,-77.97542,35.96513
37129,-77.86793,34.08897
37131,-77.36894,36.35612
37133,-77.38652,34.69202
37135,-79.12242,36.05225
37137,-76.68262,35.15615
37139,-76.28170,36.28514
37141,-77.90120,34.49288
37143,-76.43200,36.19867
37145,-78.97248,36.38946
37147,-77.36346,35.58017
37149,-82.17650,35.29732
37151,-79.80235,35.71320
37153,-79.72759,34.99455
37155,-79.14308,34.62611
37157,-79.77721,36.39200
37159,-80.55033,35.68265
37161,-81.91802,35.39709
37163,-78.36118,34.93503
37165,-79.48406,34.83709
37167,-80.24692,35.32430
37169,-80.23949,36.40386
37171,-80.70647,36.39926
37173,-83.59656,35.48750
37175,-82.76969,35.22525
37177,-76.19159,35.84712
37179,-80.56248,35.01119
37181,-78.39846,36.35494
37183,-78.61004,35.79756
37185,-78.10282,36.37402
37187,-76.55930,35.86224
37189,-81.70439,36.25136
37191,-77.98154,35.37203
37193,-81.16966,36.21780
37195,-77.94596,35.72530
37197,-80.65682,36.16724
37199,-82.29739,35.89172
38001,-102.49680,46.11419
38003,-98.06043,46.93550
38005,-99.47942,48.10881
38007,-103.42027,46.97826
38009,-100.83981,48.77206
38011,-103.52060,46.11322
38013,-102.54602,48.77259
38015,-100.50618,46.98044
38017,-97.23637,46.93462
38019,-98.47533,48.77194
38021,-98.50566,46.10873
38023,-103.49424,48.81790
38025,-102.65240,47.40149
38027,-98.91143,47.71739
38029,-100.24664,46.28775
38031,-98.88310,47.45726
38033,-103.82814,46.93540
38035,-97.45962,47.93355
38037,-101.54799,46.36218
38039,-98.24273,47.45657
38041,-102.48675,46.41673
38043,-99.76082,46.97953
38045,-98.53565,46.45683
38047,-99.47697,46.45769
38049,-100.62579,48.24100
38051,-99.44156,46.11154
38053,-103.34289,47.73804
38055,-101.03717,47.50272
38057,-101.71335,47.27762
38059,-101.18986,46.63382
38061,-102.37510,48.14940
38063,-98.20381,47.93393
38065,-101.35460,47.13914
38067,-97.55066,48.77146
38069,-100.04246,48.19621
38071,-98.74624,48.22943
38073,-97.65719,46.45637
38075,-101.75907,48.72863
38077,-96.93965,46.28333
38079,-99.85439,48.77204
38081,-97.63348,46.10918
38083,-100.35307,47.58116
38085,-100.89772,46.18640
38087,-103.48531,46.45423
38089,-102.66398,46.82020
38091,-97.72958,47.45570
38093,-98.94293,46.97617
38095,-99.23169,48.68545
38097,-97.16415,47.45497
38099,-97.72381,48.36869
38101,-101.46813,48.32756
38103,-99.64936,47.58745
38105,-103.43727,48.29520
39001,-83.47927,38.82573
39003,-84.13855,40.78177
39005,-82.26744,40.81125
39007,-80.76456,41.91382
39009,-82.07078,39.36588
39011,-84.22455,40.52084
39013,-80.98669,40.01123
39015,-83.85493,38.94689
39017,-84.57749,39.44163
39019,-81.09194,40.57703
39021,-83.76428,40.14123
39023,-83.79717,39.90583
39025,-84.16962,39.02062
39027,-83.79123,39.39629
39029,-80.80310,40.75518
39031,-81.90552,40.30559
39033,-82.91864,40.85038
39035,-81.72993,41.69256
39037,-84.61937,40.13509
39039,-84.51562,41.29653
39041,-82.99971,40.28565
39043,-82.52319,41.49187
39045,-82.61615,39.74784
39047,-83.44007,39.54718
39049,-83.01320,39.96915
39051,-84.13183,41.60264
39053,-82.38916,38.80888
39055,-81.19690,41.53120
39057,-83.88040,39.70032
39059,-81.47698,40.03053
39061,-84.55762,39.16680
39063,-83.65047,40.99365
39065,-83.64986,40.66164
39067,-81.10512,40.29794
39069,-84.05536,41.32674
39071,-83.60994,39.19876
39073,-82.44969,39.51177
39075,-81.92264,40.55585
39077,-82.58802,41.14205
39079,-82.61739,39.02732
39081,-80.74219,40.37726
39083,-82.41433,40.40608
39085,-81.25133,41.92141
39087,-82.55762,38.62674
39089,-82.47736,40.09484
39091,-83.76945,40.38458
39093,-82.15878,41.47315
39095,-83.49660,41.68699
39097,-83.39898,39.90325
39099,-80.76042,41.01706
39101,-83.18829,40.56952
39103,-81.92850,41.13272
39105,-82.05691,39.03968
39107,-84.62900,40.53989
39109,-84.23250,40.03819
39111,-81.05666,39.70484
39113,-84.29145,39.75042
39115,-81.81102,39.61044
39117,-82.80062,40.53135
39119,-81.96252,39.96122
39121,-81.50713,39.76807
39123,-82.95463,41.64020
39125,-84.57268,41.12136
39127,-82.22276,39.74018
39129,-83.04598,39.64047
39131,-83.08868,39.07284
39133,-81.19746,41.16805
39135,-84.64811,39.74245
39137,-84.11142,41.01348
39139,-82.55246,40.77299
39141,-83.06503,39.34210
39143,-83.13088,41.37629
39145,-82.96187,38.79478
39147,-83.12788,41.12464
39149,-84.21929,40.33475
39151,-81.36747,40.81212
39153,-81.53970,41.12898
39155,-80.76124,41.31711
39157,-81.48954,40.44058
39159,-83.39608,40.30685
39161,-84.57134,40.83632
39163,-82.51529,39.21064
39165,-84.16552,39.42230
39167,-81.51580,39.43111
39169,-81.88715,40.82923
39171,-84.59300,41.56599
39173,-83.64972,41.39264
39175,-83.31395,40.84033
40001,-94.66229,35.90015
40003,-98.32525,36.73044
40005,-95.96213,34.41870
40007,-100.47887,36.75112
40009,-99.68249,35.27014
40011,-98.41949,35.85790
40013,-96.24537,33.92190
40015,-98.35469,35.20298
40017,-97.98884,35.52495
40019,-97.24800,34.28889
40021,-95.04307,35.90015
40023,-95.54734,34.01011
40025,-102.51695,36.75053
40027,-97.29107,35.15270
40029,-96.30208,34.59288
40031,-98.48403,34.63099
40033,-98.37443,34.28476
40035,-95.21553,36.75479
40037,-96.32460,35.90151
40039,-99.00454,35.63870
40041,-94.80504,36.41563
40043,-99.00859,35.98809
40045,-99.79813,36.21820
40047,-97.78282,36.37915
40049,-97.24764,34.68088
40051,-97.88179,35.03074
40053,-97.78623,36.79606
40055,-99.51431,34.92062
40057,-99.86022,34.76868
40059,-99.64943,36.79718
40061,-95.13264,35.25807
40063,-96.28966,35.02823
40065,-99.37489,34.59845
40067,-97.84014,34.07032
40069,-96.67026,34.31026
40071,-97.10741,36.79637
40073,-97.94287,35.94539
40075,-98.90016,34.85928
40077,-95.25267,34.86913
40079,-94.68748,34.94616
40081,-96.88058,35.70251
40083,-97.43914,35.94449
40085,-97.34995,33.89432
40087,-97.53564,35.09619
40089,-94.81523,34.06185
40091,-95.66316,35.34738
40093,-98.53260,36.33418
40095,-96.77643,33.99863
40097,-95.22061,36.29257
40099,-97.11653,34.48367
40101,-95.42028,35.56029
40103,-97.24664,36.38025
40105,-95.62108,36.79878
40107,-96.26448,35.46447
40109,-97.40748,35.55153
40111,-95.95279,35.61687
40113,-96.44716,36.57943
40115,-94.80886,36.83344
40117,-96.77965,36.36213
40119,-96.98824,36.09347
40121,-95.79835,34.94717
40123,-96.66953,34.73509
40125,-96.95952,35.18210
40127,-95.41296,34.41907
40129,-99.68854,35.71755
40131,-95.62386,36.33640
40133,-96.60887,35.16170
40135,-94.75262,35.46505
40137,-97.85088,34.48543
40139,-101.49283,36.74808
40141,-98.93941,34.38075
40143,-96.02991,36.13972
40145,-95.52018,35.96369
40147,-95.90518,36.71147
40149,-98.99406,35.28088
40151,-98.79253,36.69537
40153,-99.28286,36.48847
41001,-117.79830,44.66788
41003,-123.40433,44.49923
41005,-122.24437,45.17369
41007,-123.68149,46.03628
41009,-123.08661,45.95772
41011,-124.10576,43.13843
41013,-120.32212,44.12880
41015,-124.28519,42.47537
41017,-121.40627,44.00225
41019,-122.88909,43.32200
41021,-120.24378,45.43885
41023,-119.01062,44.47838
41025,-119.08042,43.01993
41027,-121.67219,45.49188
41029,-122.75711,42.49946
41031,-121.09411,44.61000
41033,-123.63399,42.38926
41035,-121.81627,42.80481
41037,-120.64652,42.80565
41039,-122.74915,43.86396
41041,-123.87658,44.65990
41043,-122.52582,44.49681
41045,-117.62740,43.22179
41047,-122.80383,44.98429
41049,-119.57516,45.46420
41051,-122.66469,45.58060
41053,-123.42844,44.89702
41055,-120.68568,45.41037
41057,-123.75102,45.41450
41059,-118.63084,45.49845
41061,-118.04620,45.40904
41063,-117.12795,45.53944
41065,-121.25259,45.26305
41067,-123.09848,45.54871
41069,-120.01981,44.68755
41071,-123.23236,45.25437
42001,-77.22602,39.89488
42003,-80.00616,40.43463
42005,-79.45350,40.84808
42007,-80.33359,40.66659
42009,-78.48301,40.02475
42011,-75.92973,40.40759
42013,-78.34841,40.49256
42015,-76.51092,41.77206
42017,-75.13003,40.32863
42019,-79.92621,40.92095
42021,-78.73346,40.48434
42023,-78.20429,41.41429
42025,-75.74918,40.93476
42027,-77.80600,40.97213
42029,-75.70733,39.98343
42031,-79.43765,41.20257
42033,-78.44379,40.98883
42035,-77.62394,41.22082
42037,-76.39786,41.04330
42039,-80.06615,41.66609
42041,-77.31878,40.13643
42043,-76.83721,40.38957
42045,-75.37798,39.93407
42047,-78.75686,41.41506
42049,-80.14066,42.18239
42051,-79.65464,39.93244
42053,-79.23553,41.47539
42055,-77.70664,40.00495
42057,-78.09395,39.94309
42059,-80.22410,39.87065
42061,-78.04852,40.40261
42063,-79.09445,40.63976
42065,-79.00526,41.14077
42067,-77.50338,40.47860
42069,-75.64068,41.40185
42071,-76.23384,40.01858
42073,-80.34185,40.99089
42075,-76.44313,40.37532
42077,-75.58329,40.60305
42079,-75.95411,41.16462
42081,-77.05535,41.33301
42083,-78.57740,41.80541
42085,-80.25944,41.28064
42087,-77.64762,40.60337
42089,-75.29228,41.03339
42091,-75.36287,40.21213
42093,-76.66299,41.02798
42095,-75.39911,40.75269
42097,-76.69002,40.88961
42099,-77.26874,40.40676
42101,-75.14004,40.00192
42103,-75.05213,41.34092
42105,-77.90403,41.73832
42107,-76.15453,40.72268
42109,-77.10610,40.76272
42111,-79.04163,40.00413
42113,-76.50961,41.42924
42115,-75.80098,41.82044
42117,-77.25035,41.77171
42119,-77.04805,40.97818
42121,-79.73889,41.39726
42123,-79.28091,41.81168
42125,-80.23885,40.21545
42127,-75.26132,41.61604
42129,-79.38672,40.36039
42131,-76.00670,41.51415
42133,-76.74310,39.97310
44001,-71.27877,41.70739
44003,-71.56545,41.68256
44005,-71.26682,41.49915
44007,-71.56631,41.87110
44009,-71.61794,41.41951
45001,-82.47344,34.24944
45003,-81.66299,33.53640
45005,-81.36407,32.95133
45007,-82.65856,34.51433
45009,-81.03425,33.23339
45011,-81.42645,33.29252
45013,-80.57838,32.39020
45015,-79.91046,33.16290
45017,-80.78568,33.67349
45019,-79.74176,32.84883
45021,-81.63380,35.01206
45023,-81.16582,34.68199
45025,-80.09591,34.59177
45027,-80.24645,33.68867
45029,-80.65515,32.78955
45031,-79.91265,34.31040
45033,-79.39149,34.42611
45035,-80.42740,33.07675
45037,-81.94727,33.75445
45039,-81.07793,34.37370
45041,-79.75258,34.04157
45043,-79.33324,33.41582
45045,-82.35150,34.84981
45047,-82.07984,34.18234
45049,-81.10284,32.78904
45051,-78.97292,33.93451
45053,-81.01062,32.39324
45055,-80.55643,34.34161
45057,-80.69467,34.76705
45059,-81.98594,34.49401
45061,-80.31746,34.15954
45063,-81.28320,33.92485
45065,-82.23451,33.83570
45067,-79.42299,33.99745
45069,-79.65619,34.55250
45071,-81.62332,34.30232
45073,-83.10667,34.76402
45075,-80.80849,33.44202
45077,-82.69232,34.85307
45079,-80.85016,34.00604
45081,-81.74678,34.00110
45083,-81.98145,34.88641
45085,-80.34148,33.90600
45087,-81.63958,34.67885
45089,-79.74404,33.59821
45091,-81.18834,34.99262
46003,-98.56029,43.71805
46005,-98.27729,44.41449
46007,-101.66870,43.19318
46009,-97.86535,42.96604
46011,-96.79045,44.36991
46013,-98.35089,45.58982
46015,-99.10108,43.71734
46017,-99.22658,44.06533
46019,-103.50736,44.89208
46021,-100.03379,45.76956
46023,-98.47493,43.16865
46025,-97.73423,44.84834
46027,-96.98326,42.89403
46029,-97.18833,44.97753
46031,-101.15557,45.70987
46033,-103.48180,43.66676
46035,-98.14619,43.67461
46037,-97.60372,45.36896
46039,-96.66803,44.76071
46041,-100.90603,45.09680
46043,-98.35267,43.34687
46045,-99.21520,45.41864
46047,-103.52739,43.23961
46049,-99.14530,45.07123
46051,-96.77231,45.15144
46053,-99.24100,43.24858
46055,-101.57814,44.36610
46057,-97.18840,44.67372
46059,-99.00092,44.54620
46061,-97.78648,43.67571
46063,-103.49643,45.57832
46065,-99.91032,44.32311
46067,-97.75579,43.33424
46069,-99.48210,44.54390
46071,-101.63118,43.69199
46073,-98.62911,44.06633
46075,-100.71555,43.93836
46077,-97.49098,44.36991
46079,-97.12935,44.02221
46081,-103.81243,44.37178
46083,-96.75193,43.29200
46085,-99.83793,43.85704
46087,-97.36796,43.67435
46089,-99.22134,45.76651
46091,-97.60338,45.74695
46093,-102.78412,44.58984
46095,-100.72955,43.62365
46097,-97.61043,44.02214
46099,-96.79145,43.67451
46101,-96.67102,44.02218
46102,-102.55558,43.35272
46103,-103.03105,44.09645
46105,-102.47533,45.49276
46107,-99.94808,45.07206
46109,-97.03942,45.61699
46111,-98.09128,44.02285
46115,-98.34973,44.93768
46117,-100.86793,44.47582
46119,-100.14888,44.72296
46121,-100.72102,43.19384
46123,-99.87403,43.38197
46125,-97.16241,43.29100
46127,-96.71368,42.78160
46129,-100.00608,45.42029
46135,-97.39804,42.98387
46137,-101.56810,44.99158
47001,-84.22789,36.10598
47003,-86.45037,35.51060
47005,-88.08347,36.08542
47007,-85.26722,35.56299
47009,-83.90822,35.67375
47011,-84.85243,35.17261
47013,-84.13294,36.38475
47015,-86.05196,35.80856
47017,-88.45569,35.96776
47019,-82.15581,36.30730
47021,-87.08423,36.24853
47023,-88.60132,35.42104
47025,-83.65582,36.46677
47027,-85.53457,36.51501
47029,-83.09428,35.94795
47031,-86.06047,35.49806
47033,-89.18277,35.83560
47035,-84.98288,35.95846
47037,-86.78086,36.18705
47039,-88.11233,35.61490
47041,-85.83873,35.97829
47043,-87.36120,36.14703
47045,-89.42385,36.04664
47047,-89.41400,35.19874
47049,-84.92649,36.35704
47051,-86.08229,35.17540
47053,-88.94503,36.00696
47055,-87.02142,35.22421
47057,-83.54978,36.25064
47059,-82.90734,36.17002
47061,-85.68608,35.37348
47063,-83.27083,36.21332
47065,-85.15358,35.22112
47067,-83.26258,36.49317
47069,-88.98676,35.21383
47071,-88.17705,35.20900
47073,-82.94764,36.41804
47075,-89.27072,35.61056
47077,-88.40058,35.62029
47079,-88.31276,36.31103
47081,-87.47229,35.80014
47083,-87.73245,36.27339
47085,-87.77387,36.02450
47087,-85.66530,36.36745
47089,-83.46584,36.04388
47091,-81.85193,36.43799
47093,-83.89740,35.99010
47095,-89.46366,36.34389
47097,-89.64943,35.74251
47099,-87.39883,35.22867
47101,-87.48645,35.52955
47103,-86.60117,35.18042
47105,-84.28851,35.75684
47107,-84.61778,35.44282
47109,-88.57792,35.19014
47111,-86.01424,36.52664
47113,-88.84209,35.61157
47115,-85.62502,35.15114
47117,-86.77932,35.48164
47119,-87.08116,35.62937
47121,-84.80139,35.52038
47123,-84.21575,35.43827
47125,-87.36997,36.47750
47127,-86.36084,35.26758
47129,-84.66525,36.14259
47131,-89.17715,36.35470
47133,-85.30891,36.34159
47135,-87.85860,35.63217
47137,-85.15167,36.51606
47139,-84.51061,35.13696
47141,-85.45753,36.14193
47143,-84.91471,35.61737
47145,-84.54547,35.84666
47147,-86.88175,36.50125
47149,-86.39199,35.85944
47151,-84.51122,36.38348
47153,-85.36865,35.35725
47155,-83.51311,35.80251
47157,-89.86571,35.20148
47159,-85.97348,36.25402
47161,-87.83216,36.50414
47163,-82.31150,36.50415
47165,-86.47276,36.44831
47167,-89.76055,35.51147
47169,-86.13904,36.39159
47171,-82.47552,36.10707
47173,-83.83118,36.29891
47175,-85.45374,35.67770
47177,-85.79551,35.67813
47179,-82.48813,36.27133
47181,-87.78054,35.24699
47183,-88.74029,36.28235
47185,-85.45458,35.93636
47187,-86.91514,35.87434
47189,-86.32336,36.15692
48001,-95.68939,31.79427
48003,-102.63791,32.30524
48005,-94.63563,31.27652
48007,-97.04607,28.06146
48009,-98.68830,33.61319
48011,-101.35716,34.96419
48013,-98.52083,28.93255
48015,-96.27420,29.84927
48017,-102.82958,34.06814
48019,-99.20244,29.73002
48021,-97.32443,30.10316
48023,-99.21366,33.61343
48025,-97.70993,28.42466
48027,-97.50853,31.03635
48029,-98.47195,29.43838
48031,-98.40717,30.21979
48033,-101.43224,32.74435
48035,-97.64797,31.89753
48037,-94.39487,33.47649
48039,-95.45600,29.18214
48041,-96.38087,30.65209
48043,-103.08354,29.81839
48045,-101.20851,34.53118
48047,-98.20204,27.02319
48049,-98.95772,31.76542
48051,-96.63689,30.51317
48053,-98.18899,30.73048
48055,-97.62644,29.85186
48057,-96.58549,28.37667
48059,-99.37395,32.29683
48061,-97.48545,26.12485
48063,-94.99343,32.99004
48065,-101.35454,35.40450
48067,-94.34830,33.10031
48069,-102.26181,34.53049
48071,-94.63838,29.69299
48073,-95.18328,31.78185
48075,-100.20672,34.53075
48077,-98.20074,33.80971
48079,-102.82850,33.60738
48081,-100.52961,31.89024
48083,-99.46114,31.74548
48085,-96.56758,33.19448
48087,-100.27012,34.96476
48089,-96.52354,29.60451
48091,-98.28934,29.81626
48093,-98.60114,31.97289
48095,-99.85769,31.33383
48097,-97.21443,33.68607
48099,-97.80118,31.39456
48101,-100.28291,34.07432
48103,-102.54031,31.36925
48105,-101.37082,30.68702
48107,-101.30000,33.61676
48109,-104.49679,31.33211
48111,-102.60218,36.27770
48113,-96.77734,32.76740
48115,-101.94783,32.74082
48117,-102.60509,34.96722
48119,-95.72456,33.35689
48121,-97.11555,33.20895
48123,-97.30641,29.09880
48125,-100.77893,33.61822
48127,-99.75489,28.42296
48129,-100.81413,34.96705
48131,-98.51746,27.65993
48133,-98.79817,32.29683
48135,-102.54291,31.87075
48137,-100.34828,29.95722
48139,-96.76229,32.30101
48141,-106.17180,31.69518
48143,-98.22805,32.21512
48145,-96.93904,31.25327
48147,-96.11934,33.61330
48149,-96.91136,29.89594
48151,-100.40234,32.74500
48153,-101.30302,34.07278
48155,-99.76165,33.98797
48157,-95.74560,29.52543
48159,-95.21645,33.17596
48161,-96.15770,31.71298
48163,-99.10750,28.86610
48165,-102.63512,32.73980
48167,-94.88452,29.33035
48169,-101.29804,33.17959
48171,-98.94559,30.31717
48173,-101.52081,31.86794
48175,-97.46815,28.65717
48177,-97.50264,29.44849
48179,-100.81244,35.40174
48181,-96.66196,33.67873
48183,-94.84442,32.51340
48185,-95.99184,30.54452
48187,-97.96465,29.61180
48189,-101.82633,34.06948
48191,-100.68063,34.53071
48193,-98.09869,31.71678
48195,-101.35461,36.27741
48197,-99.73651,34.31497
48199,-94.38683,30.31207
48201,-95.38597,29.83394
48203,-94.37245,32.55980
48205,-102.60192,35.85218
48207,-99.73064,33.17793
48209,-98.02153,30.05469
48211,-100.27070,35.83928
48213,-95.81855,32.18243
48215,-98.18606,26.40894
48217,-97.12114,31.98707
48219,-102.34292,33.60719
48221,-97.81678,32.39610
48223,-95.58517,33.17040
48225,-95.43497,31.25926
48227,-101.43545,32.30755
48229,-105.42298,31.31598
48231,-96.07948,33.12325
48233,-101.35456,35.84175
48235,-100.98117,31.30441
48237,-98.17052,33.23422
48239,-96.56178,28.96898
48241,-93.99846,30.69956
48243,-104.15835,30.75872
48245,-94.12073,29.84672
48247,-98.71054,27.07179
48249,-98.08727,27.65868
48251,-97.35095,32.34447
48253,-99.87886,32.74022
48255,-97.90078,28.94629
48257,-96.29911,32.59806
48259,-98.67402,29.92569
48261,-97.65126,26.94084
48263,-100.77806,33.17972
48265,-99.30548,30.03881
48267,-99.71024,30.49870
48269,-100.25581,33.61636
48271,-100.41047,29.35412
48273,-97.64757,27.42224
48275,-99.73372,33.61541
48277,-95.58316,33.66069
48279,-102.35173,34.06948
48281,-98.28289,31.24655
48283,-99.09790,28.33813
48285,-96.88977,29.34897
48287,-96.88855,30.29471
48289,-95.99665,31.31389
48291,-94.86440,30.18875
48293,-96.55227,31.51753
48295,-100.27324,36.27774
48297,-98.14121,28.42155
48299,-98.68906,30.70416
48301,-103.56778,31.82537
48303,-101.82054,33.61076
48305,-101.81665,33.17363
48307,-99.34670,31.21671
48309,-97.20213,31.55379
48311,-98.56776,28.35275
48313,-95.94746,30.95870
48315,-94.36396,32.78436
48317,-101.95143,32.30613
48319,-99.22387,30.71820
48321,-95.91940,28.75577
48323,-100.28036,28.64165
48325,-99.10869,29.38658
48327,-99.80041,30.89927
48329,-102.03168,31.86890
48331,-96.97609,30.78421
48333,-98.65189,31.47717
48335,-100.92121,32.30682
48337,-97.73201,33.71228
48339,-95.51470,30.32922
48341,-101.89293,35.84276
48343,-94.73421,33.12251
48345,-100.77981,34.07487
48347,-94.59322,31.53416
48349,-96.47545,32.06264
48351,-93.74483,30.71475
48353,-100.40634,32.30315
48355,-97.48054,27.77702
48357,-100.81582,36.27827
48359,-102.60375,35.40535
48361,-93.87480,30.05465
48363,-98.31873,32.75936
48365,-94.31144,32.18338
48367,-97.80464,32.77913
48369,-102.78433,34.53017
48371,-102.65720,30.71181
48373,-94.89664,30.81759
48375,-101.89432,35.40063
48377,-104.23790,29.94386
48379,-95.80131,32.84581
48381,-101.89671,34.96399
48383,-101.52304,31.36497
48385,-99.81264,29.85290
48387,-95.02827,33.63982
48389,-103.64865,31.38331
48391,-97.15397,28.30772
48393,-100.81353,35.83820
48395,-96.51293,31.02679
48397,-96.40768,32.89776
48399,-99.97671,31.83084
48401,-94.78732,32.12561
48403,-93.84608,31.37313
48405,-94.17465,31.37628
48407,-95.17824,30.61222
48409,-97.50160,28.00014
48411,-98.83049,31.20521
48413,-100.53902,30.89761
48415,-100.91662,32.74804
48417,-99.35398,32.73601
48419,-94.12707,31.77463
48421,-101.89341,36.27741
48423,-95.24605,32.41128
48425,-97.78487,32.20244
48427,-98.78590,26.51049
48429,-98.83598,32.73601
48431,-101.04515,31.82168
48433,-100.25343,33.17887
48435,-100.53854,30.49952
48437,-101.73502,34.53230
48439,-97.29168,32.77018
48441,-99.89012,32.30214
48443,-102.16279,30.21870
48445,-102.33529,33.17449
48447,-99.21230,33.17766
48449,-94.96893,33.19041
48451,-100.40230,31.39571
48453,-97.77788,30.32669
48455,-95.12386,31.10515
48457,-94.38723,30.79266
48459,-94.92737,32.71137
48461,-102.04426,31.36496
48463,-99.76222,29.35766
48465,-101.04926,29.76307
48467,-95.83509,32.59668
48469,-96.93676,28.79501
48471,-95.59303,30.78157
48473,-95.99928,29.98689
48475,-103.12863,31.45944
48477,-96.42938,30.22206
48479,-99.28638,27.73206
48481,-96.22127,29.29850
48483,-100.26962,35.39904
48485,-98.68833,34.02230
48487,-99.21423,34.14687
48489,-97.59100,26.45530
48491,-97.63518,30.65365
48493,-98.08856,29.16201
48495,-103.06272,31.87075
48497,-97.65548,33.21210
48499,-95.39730,32.77732
48501,-102.82788,33.17273
48503,-98.68828,33.17478
48505,-99.17172,26.94580
48507,-99.76231,28.86727
49001,-113.20651,38.36070
49003,-112.97348,41.50070
49005,-111.73186,41.68409
49007,-110.60214,39.64069
49009,-109.69759,40.83232
49011,-112.09046,40.96106
49013,-110.43664,40.32113
49015,-110.70865,39.10213
49017,-111.49861,37.84487
49019,-109.57448,39.00041
49021,-113.31354,37.81200
49023,-112.88228,39.66329
49025,-111.88476,37.27304
49027,-113.03148,39.06236
49029,-111.65089,41.07695
49031,-112.09280,38.32899
49033,-111.23820,41.57316
49035,-111.90305,40.66779
49037,-109.74493,37.74931
49039,-111.52419,39.42291
49041,-111.76351,38.77298
49043,-110.75567,40.90009
49045,-113.11276,40.49035
49047,-109.51379,40.16152
49049,-111.69104,40.17708
49051,-111.13413,40.29504
49053,-113.47644,37.30925
49055,-110.90575,38.32997
49057,-111.89464,41.25554
50001,-73.07783,44.02838
50003,-73.13639,43.02699
50005,-72.10836,44.46320
50007,-73.05286,44.44195
50009,-71.73458,44.68091
50011,-72.87446,44.82424
50013,-73.29296,44.78861
50015,-72.63511,44.60040
50017,-72.43990,43.99613
50019,-72.25727,44.77542
50021,-73.02844,43.57492
50023,-72.61360,44.26193
50025,-72.73425,42.99453
50027,-72.54885,43.59218
51001,-75.83489,37.73814
51003,-78.56190,38.00110
51005,-80.10695,37.77849
51007,-78.04219,37.34513
51009,-79.16320,37.59998
51011,-78.79388,37.37766
51013,-77.10773,38.88084
51015,-79.30667,38.17964
51017,-79.73519,38.05537
51019,-79.56554,37.31202
51021,-81.07769,37.12741
51023,-79.75669,37.55558
51025,-77.84177,36.78402
51027,-82.06171,37.28813
51029,-78.55875,37.56336
51031,-79.09644,37.22787
51033,-77.36789,38.01443
51035,-80.74288,36.74535
51036,-77.08310,37.35668
51037,-78.60467,36.97345
51041,-77.62962,37.39049
51043,-77.97039,39.12198
51045,-80.18875,37.48823
51047,-78.00062,38.50375
51049,-78.22210,37.52546
51051,-82.36073,37.13102
51053,-77.64623,37.07240
51057,-76.96222,37.94495
51059,-77.32361,38.83115
51061,-77.81563,38.71173
51063,-80.40984,36.91528
51065,-78.27215,37.84824
51067,-79.86322,37.00694
51069,-78.22335,39.23706
51071,-80.66817,37.31458
51073,-76.57003,37.41814
51075,-77.96664,37.73433
51077,-81.23654,36.68238
51079,-78.47947,38.32980
51081,-77.57297,36.72157
51083,-78.91801,36.80143
51085,-77.55271,37.77271
51087,-77.30304,37.53116
51089,-79.98641,36.69900
51091,-79.51777,38.38587
51093,-76.68604,36.89919
51095,-76.80439,37.31039
51097,-76.85669,37.70177
51099,-77.18055,38.27107
51101,-77.11864,37.71390
51103,-76.47485,37.71300
51105,-82.97952,36.74339
51107,-77.66452,39.08548
51109,-77.93405,37.94114
51111,-78.24453,36.94905
51113,-78.27884,38.42870
51115,-76.27207,37.41078
51117,-78.33354,36.71572
51119,-76.62311,37.64429
51121,-80.37441,37.17516
51125,-78.90430,37.79142
51127,-76.98833,37.50221
51131,-75.92583,37.27283
51133,-76.37165,37.85230
51135,-78.06950,37.13911
51137,-77.99011,38.25552
51139,-78.48492,38.62211
51141,-80.27233,36.70731
51143,-79.39529,36.84013
51145,-77.88693,37.55316
51147,-78.45888,37.23818
51149,-77.24973,37.15673
51153,-77.44455,38.72179
51155,-80.72841,37.06180
51157,-78.12837,38.69360
51159,-76.73363,37.95062
51161,-80.15122,37.26576
51163,-79.44128,37.80942
51165,-78.94050,38.52822
51167,-82.07484,36.92561
51169,-82.58287,36.73945
51171,-78.58692,38.85379
51173,-81.51250,36.82600
51175,-77.09663,36.77007
51177,-77.65591,38.18596
51179,-77.47645,38.41734
51181,-76.89678,37.09664
51183,-77.28981,36.91001
51185,-81.60569,37.13551
51187,-78.19726,38.89681
51191,-81.95559,36.76169
51193,-76.73720,38.12188
51195,-82.63029,37.00080
51197,-81.05833,36.91564
51199,-76.28779,37.23600
51510,-77.09026,38.81507
51520,-82.11600,36.63618
51530,-79.35639,37.72892
51540,-78.47775,38.04002
51550,-76.27624,36.70721
51570,-77.39894,37.26582
51580,-79.98866,37.78088
51590,-79.41568,36.59257
51595,-77.53493,36.69644
51600,-77.30203,38.85214
51610,-77.17874,38.88620
51620,-76.93262,36.67746
51630,-77.48574,38.29807
51640,-80.92751,36.66004
51650,-76.30397,37.02308
51660,-78.87002,38.43981
51670,-77.29456,37.28765
51678,-79.44395,37.78000
51680,-79.18567,37.40098
51683,-77.48216,38.74381
51685,-77.43639,38.77100
51690,-79.87082,36.67907
51700,-76.52911,37.07571
51710,-76.25731,36.93065
51720,-82.63550,36.92994
51730,-77.39063,37.20517
51735,-76.27364,37.14708
51740,-76.37472,36.86893
51750,-80.56292,37.12028
51760,-77.46133,37.52479
51770,-79.96040,37.27493
51775,-80.07053,37.28823
51790,-79.06295,38.16012
51800,-76.61114,36.74629
51810,-76.05093,36.79530
51820,-78.90518,38.06559
51830,-76.69444,37.27866
51840,-78.17340,39.16795
53001,-118.47090,46.99818
53003,-117.18765,46.22859
53005,-119.57058,46.28188
53007,-120.54396,47.90579
53009,-123.90058,48.18285
53011,-122.51830,45.80014
53013,-117.92721,46.31105
53015,-122.61481,46.11924
53017,-119.74894,47.68496
53019,-118.52384,48.41464
53021,-118.94260,46.46573
53023,-117.54748,46.35128
53025,-119.49193,47.29596
53027,-123.88189,47.16172
53029,-122.52125,48.12185
53031,-122.79386,47.94382
53033,-121.95943,47.43252
53035,-122.60792,47.68741
53037,-120.66257,47.16716
53039,-120.77746,45.82565
53041,-122.38367,46.58916
53043,-118.39971,47.60902
53045,-123.15635,47.34504
53047,-119.73828,48.47041
53049,-123.74622,46.51518
53051,-117.26812,48.52327
53053,-122.03935,47.06611
53055,-122.98655,48.55778
53057,-121.90590,48.47685
53059,-121.92955,45.96935
53061,-121.74691,48.03721
53063,-117.43046,47.65336
53065,-117.84745,48.39660
53067,-122.89880,46.97811
53069,-123.34307,46.26517
53071,-118.50423,46.30329
53073,-121.84778,48.81416
53075,-117.52145,46.83872
53077,-120.64857,46.56455
54001,-80.02729,39.12525
54003,-78.02718,39.44257
54005,-81.71432,37.99716
54007,-80.73521,38.70684
54009,-80.56790,40.27973
54011,-82.27558,38.41341
54013,-81.11431,38.82859
54015,-81.05947,38.46525
54017,-80.74869,39.27064
54019,-81.09630,38.04173
54021,-80.81240,38.91370
54023,-79.18864,39.07048
54025,-80.40360,37.97554
54027,-78.63106,39.31415
54029,-80.57049,40.51685
54031,-78.82681,38.99978
54033,-80.39632,39.28511
54035,-81.69554,38.82466
54037,-77.86090,39.31592
54039,-81.52334,38.29698
54041,-80.49334,38.94554
54043,-82.08372,38.16025
54045,-81.94254,37.83316
54047,-81.63562,37.37535
54049,-80.26360,39.51427
54051,-80.65551,39.87761
54053,-82.00123,38.75159
54055,-81.07688,37.41643
54057,-78.86448,39.44303
54059,-82.21571,37.74306
54061,-79.96980,39.57855
54063,-80.54658,37.55165
54065,-78.29869,39.54362
54067,-80.82398,38.31836
54069,-80.61400,40.10130
54071,-79.34082,38.68461
54073,-81.15590,39.37249
54075,-79.98555,38.38803
54077,-79.69004,39.45815
54079,-81.89033,38.47526
54081,-81.17434,37.74880
54083,-79.82712,38.75347
54085,-81.08375,39.19850
54087,-81.35159,38.73164
54089,-80.87740,37.64861
54091,-80.04869,39.34560
54093,-79.57621,39.11795
54095,-80.82154,39.45059
54097,-80.23366,38.89941
54099,-82.43891,38.13215
54101,-80.43536,38.48380
54103,-80.66001,39.57545
54105,-81.40659,39.04062
54107,-81.50505,39.21823
54109,-81.56959,37.60335
55001,-89.77671,43.94586
55003,-90.68578,46.64701
55005,-91.84865,45.42366
55007,-91.18773,46.68080
55009,-87.97772,44.46004
55011,-91.72133,44.31089
55013,-92.36377,45.89866
55015,-88.22361,44.06871
55017,-91.28766,45.07456
55019,-90.61922,44.72754
55021,-89.30349,43.46157
55023,-90.88776,43.20611
55025,-89.42476,43.06959
55027,-88.70309,43.41296
55029,-86.98152,45.06344
55031,-91.92275,46.52586
55033,-91.89321,44.94576
55035,-91.28595,44.72336
55037,-88.37551,45.86728
55039,-88.52290,43.74102
55041,-88.86156,45.72458
55043,-90.76231,42.85910
55045,-89.60243,42.67898
55047,-89.02684,43.80747
55049,-90.13346,43.01130
55051,-90.34647,46.38983
55053,-90.74153,44.33432
55055,-88.77694,43.02123
55057,-90.13402,43.94613
55059,-87.66848,42.57430
55061,-87.30970,44.50223
55063,-91.12764,43.90783
55065,-90.13170,42.66023
55067,-89.05229,45.24922
55069,-89.73536,45.33767
55071,-87.53102,44.11033
55073,-89.76945,44.90091
55075,-88.00346,45.28026
55077,-89.39817,43.81242
55078,-88.73481,44.98678
55079,-87.58071,43.01735
55081,-90.61172,43.94363
55083,-88.30368,45.02524
55085,-89.54525,45.68206
55087,-88.46364,44.41639
55089,-87.60391,43.36678
55091,-92.08728,44.54575
55093,-92.42420,44.70099
55095,-92.41907,45.46886
55097,-89.47499,44.46480
55099,-90.36068,45.68002
55101,-87.68019,42.72778
55103,-90.42886,43.36279
55105,-89.07200,42.66871
55107,-91.10925,45.46562
55109,-92.45383,45.03443
55111,-89.89645,43.39419
55113,-91.10962,45.89772
55115,-88.73730,44.80706
55117,-87.63869,43.71856
55119,-90.48556,45.20651
55121,-91.34782,44.28859
55123,-90.77139,43.57669
55125,-89.43616,46.07815
55127,-88.54126,42.66748
55129,-91.78707,45.89780
55131,-88.22925,43.36764
55133,-88.30439,43.01883
55135,-88.98014,44.46163
55137,-89.24186,44.11364
55139,-88.64513,44.06844
55141,-90.02113,44.46638
56001,-105.67571,41.71313
56003,-107.98478,44.58332
56005,-105.55033,44.24761
56007,-106.79143,41.71889
56009,-105.48569,42.89447
56011,-104.57078,44.58816
56013,-108.57031,43.13531
56015,-104.35336,42.08802
56017,-108.60160,43.76982
56019,-106.56932,44.02683
56021,-104.66662,41.32650
56023,-110.79517,42.44691
56025,-106.78782,42.96622
56027,-104.47554,43.05612
56029,-109.41414,44.40337
56031,-104.96764,42.13146
56033,-106.90321,44.77897
56035,-109.95599,42.86417
56037,-108.98877,41.63415
56039,-110.55017,43.95082
56041,-110.54775,41.28676
56043,-107.66061,43.83444
56045,-104.56839,43.83989
60010,-170.62641,-14.27552
60020,-169.53347,-14.21461
60030,-168.16374,-14.54249
60040,-171.07673,-11.05290
60050,-170.79613,-14.33231
66010,144.73363,13.44414
69085,145.77159,18.11318
69100,145.21345,14.14902
69110,145.78163,15.19114
69120,145.64175,14.94820
72001,-66.75244,18.18126
72003,-67.18465,18.37746
72005,-67.14029,18.47634
72007,-66.13034,18.25043
72009,-66.26935,18.12815
72011,-67.13725,18.28343
72013,-66.67629,18.43059
72015,-66.04248,17.96750
72017,-66.55544,18.46539
72019,-66.30836,18.20083
72021,-66.16827,18.34489
72023,-67.18655,18.03881
72025,-66.05634,18.21270
72027,-66.86342,18.44270
72029,-65.88747,18.33322
72031,-65.96717,18.39328
72033,-66.13613,18.44332
72035,-66.16391,18.10301
72037,-65.60555,18.26483
72039,-66.50808,18.26373
72041,-66.15711,18.18150
72043,-66.35361,18.09617
72045,-66.21855,18.22497
72047,-66.32891,18.30446
72049,-65.29619,18.31888
72051,-66.27222,18.45651
72053,-65.58994,18.35956
72054,-66.56013,18.37544
72055,-66.91986,17.95364
72057,-66.13866,17.99256
72059,-66.78145,18.01883
72061,-66.11567,18.35912
72063,-65.97484,18.25892
72065,-66.79761,18.43215
72067,-67.11251,18.13216
72069,-65.79060,18.13797
72071,-67.01071,18.47159
72073,-66.58956,18.22574
72075,-66.48557,17.99740
72077,-65.91390,18.20639
72079,-67.03614,17.97506
72081,-66.86858,18.26923
72083,-66.98266,18.23887
72085,-65.86225,18.19611
72087,-65.90229,18.44628
72089,-65.71937,18.36607
72091,-66.48909,18.44557
72093,-66.95366,18.17297
72095,-65.89392,17.99892
72097,-67.89051,18.10602
72099,-67.08236,18.38384
72101,-66.41233,18.31673
72103,-65.72738,18.20638
72105,-66.24817,18.28761
72107,-66.43456,18.22066
72109,-65.99998,18.00979
72111,-66.71187,18.02350
72113,-66.60991,18.00210
72115,-66.93463,18.45314
72117,-67.26292,18.33577
72119,-65.81661,18.37497
72121,-66.94988,18.08730
72123,-66.27208,17.97914
72125,-67.02967,18.11329
72127,-66.04943,18.41049
72129,-65.97555,18.15242
72131,-66.97282,18.32359
72133,-66.39230,17.95430
72135,-66.24598,18.35870
72137,-66.18530,18.45776
72139,-66.00168,18.33708
72141,-66.69216,18.25021
72143,-66.33113,18.43627
72145,-66.39466,18.44311
72147,-65.42324,18.12599
72149,-66.47548,18.13000
72151,-65.84797,18.04583
72153,-66.86112,18.06100
78010,-64.73180,17.73334
78020,-64.72744,18.32775
78030,-64.97471,18.32490
